ID,PR
759491,0.000128533
25462,0.000131216
66915,0.005904744
71209,0.000437447
91438,0.000126845
113823,9.35E-05
132710,8.32E-05
208582,0.000185882
378288,0.000245958
397880,0.000212237
489999,0.000151785
492331,0.000322753
615119,0.0002627
651107,0.000166994
747445,0.000441589
755156,0.000413578
838272,0.000349399
895136,0.000366194
899530,0.00038556
960690,0.000302896
988638,0.000361816
75264,0.000405269
91650,0.000854174
112789,0.000152857
134729,0.000210947
175775,0.000143715
295756,0.000229972
359326,0.000132543
446509,0.000604299
485135,0.00011567
579839,0.000224036
741746,0.000153648
789064,8.57E-05
790820,0.000266513
796045,0.000154753
806829,0.000233673
825087,0.000128871
863790,0.000151864
883318,0.000206034
151290,0.000155884
286662,0.0001006
748421,7.41E-05
5953,0.000658153
12654,0.000125298
59537,0.000486918
61938,0.00020369
81493,0.00026584
84209,0.000622526
130932,0.000292427
139026,0.001622831
182598,0.000988447
187581,0.000440372
200968,0.000114045
349157,0.000197837
354105,0.003151507
379125,0.00083662
390390,0.000287492
485791,0.000166207
490004,0.001422845
503913,0.000179099
562304,0.001699494
574772,0.000355596
604852,0.000360282
623985,0.000147741
754032,0.009237894
771438,0.001483633
772567,0.000465845
840402,0.002751601
8828,0.000139638
81403,0.000148903
546214,0.000140606
628467,0.000215025
13384,0.000157161
19241,0.000138267
65397,0.000165917
86312,0.000133312
99753,0.000145266
136640,0.000327089
175286,0.000323758
210512,9.96E-05
234325,0.000347375
409954,0.000713447
749175,0.00012501
804289,0.000178486
50493,8.88E-05
96977,9.66E-05
97325,0.00014436
219966,0.00010226
561105,0.000100843
607053,0.000122353
1528006,9.50E-05
559405,0.000147755
156886,0.000166586
112017,0.000288729
203804,9.30E-05
588679,9.30E-05
744548,0.001081198
38936,0.000559053
41874,0.002151349
249175,0.000148387
639397,0.000135972
642542,0.000828614
765585,0.000119289
781837,0.000406492
785283,0.000426618
792507,0.002021754
798543,9.74E-05
183867,0.001737721
346336,0.001849693
423829,0.002733739
750519,0.000876004
840102,0.000498343
988440,0.00043923
133969,0.000123186
7689,0.000176276
160690,0.000158234
208774,0.000326375
262255,0.000230297
319347,0.0002602
376204,0.000247973
802302,0.000314959
820434,0.000285946
112462,0.001436322
176936,0.001838641
187478,0.000295635
192382,0.000935185
240865,0.000501363
255371,9.95E-05
489303,0.002064158
824599,0.000881556
831381,0.00010506
894465,0.004057254
18977,0.000144395
19297,0.000203813
297894,0.000213447
517607,7.41E-05
583618,0.000184275
626463,0.000223498
859509,9.13E-05
101895,0.000111863
239859,0.000202187
304458,0.000132802
649950,0.000120407
691807,0.000122291
178014,0.000490042
246768,0.000293013
295276,0.000614165
603590,0.000209767
745584,0.000144528
790988,0.000471211
819344,0.000340694
855773,0.00010715
131627,0.000312167
137580,0.000226943
170369,0.000229206
207735,0.000200989
240311,0.00056819
289177,0.000168606
309458,0.000388475
332141,0.001586211
519637,7.78E-05
578028,7.78E-05
584923,0.000127967
690254,0.000147235
744265,0.000100609
767068,0.000162822
816890,0.001285468
921965,0.000313324
923384,8.90E-05
532957,0.022302455
805930,0.007532865
123007,0.000228504
490141,0.000298376
42234,0.000101861
536122,0.000311412
31380,0.000115415
122754,0.000171041
145443,8.41E-05
237205,0.000601986
661524,0.00044365
664817,0.000129692
806336,0.00013448
100160,0.002752355
577627,0.002358004
1190,9.43E-05
74195,0.000150808
101946,0.000370334
134600,0.000166217
164053,0.000142369
165011,0.000474961
170770,9.86E-05
279337,0.000177588
290072,0.00029132
316834,0.001797721
361393,0.000694746
411761,0.000585447
568861,0.000148452
614823,9.05E-05
622805,0.001160212
866491,0.000153583
887806,7.69E-05
927555,0.001082495
933172,0.000346218
22124,0.000446556
98465,0.000537159
105422,0.000132516
163386,8.06E-05
246611,0.000564384
260206,0.000284789
287259,0.000134186
315403,0.000370369
371258,0.000169125
386253,0.000129733
406294,0.000177191
424244,0.000231752
490952,0.000223436
501407,0.000645634
561715,0.000112874
588450,8.72E-05
673208,0.000115499
749970,0.000215969
751910,0.000150597
925852,0.000167535
957085,0.000126031
1098,0.00027205
223627,9.68E-05
280956,0.000115499
351733,0.00021506
357406,0.000436468
388198,8.68E-05
506513,0.000125378
572737,0.00012992
825251,0.000115362
120521,0.004879033
180228,0.003912629
799053,0.000512013
824022,0.004109049
16835,9.65E-05
22928,0.000413596
46120,0.000151489
76057,0.000511833
114342,0.001056638
137474,0.000286988
138699,0.000796755
311674,0.000622808
327765,0.000177578
489676,0.000541438
6334,0.000557672
150629,0.000736877
695189,0.000102416
804476,0.000504955
958533,0.000368242
28692,8.57E-05
175553,0.002336449
208404,0.000541078
404463,0.000851863
640675,0.001482991
868092,0.000184757
749222,0.000151852
752945,0.000146316
37730,0.000252219
39258,9.78E-05
47789,9.38E-05
51992,0.000524857
78741,8.39E-05
130173,0.000130057
184043,0.000131629
287917,8.87E-05
350840,0.00012917
387530,9.68E-05
490554,8.12E-05
612716,0.000194437
853492,9.53E-05
898479,0.000117104
936425,0.000249949
987491,0.000479307
11707,0.000209641
43714,0.000470478
46925,0.000159695
96964,0.000102459
102399,9.09E-05
110161,0.000183708
130689,0.000184258
136871,0.000146583
277351,7.88E-05
481461,7.88E-05
674662,0.000154703
685647,0.000512111
796734,0.00058178
957296,0.000237024
60306,0.001249596
79016,0.021390357
82584,0.005526608
162677,0.004750601
172642,0.000146722
184502,0.002749971
204901,0.00132632
211758,0.002901765
212612,0.001098656
213590,0.00032357
244406,0.000294238
742899,0.000418612
396372,0.00161486
21334,0.000151359
816701,0.000121589
825168,7.41E-05
46861,0.004550054
60679,0.001853828
815039,0.001939161
825208,0.001610671
942252,0.00047681
197424,9.53E-05
311680,0.000150825
617613,7.41E-05
619388,7.41E-05
245039,0.000324167
389979,0.000502445
778568,0.000108764
36537,8.28E-05
89021,0.000163867
209142,0.000170473
307135,8.31E-05
496405,0.001242314
805785,0.000100467
821571,0.001970195
842351,0.00017435
113480,0.000132894
152312,0.000166711
61479,0.000210006
64145,0.000157838
82013,0.001062561
118544,0.001649351
144458,0.001129877
147200,0.000930917
162820,0.0004834
329468,0.000426491
524239,0.000389446
894335,0.002136131
41420,8.77E-05
59819,0.000174117
101953,8.80E-05
118289,0.000235714
477875,0.000797366
500889,0.000247573
509356,0.000134696
569256,0.000179323
572106,9.26E-05
594665,0.000739767
664849,0.000120905
746666,0.000167114
865016,0.000218524
894847,0.000154559
55128,0.002490892
58616,0.00012417
116984,0.000361746
502806,0.000101976
773642,0.000368439
50251,9.77E-05
88180,9.90E-05
798606,0.000367046
139908,0.000119594
418740,0.002183675
671953,0.00019807
891063,0.000270223
334740,0.000143159
13393,0.000100055
59655,0.000173452
94224,0.000366561
128099,0.003655402
149973,0.000148617
170454,0.000163895
179764,0.000126991
414251,0.001490515
477377,0.000173971
542976,0.000140194
667169,0.000101107
751738,9.39E-05
772526,0.00033581
803242,7.74E-05
806542,0.000837572
817011,8.68E-05
894531,0.000134881
59293,0.000218666
71336,0.000385012
328352,0.000224218
575051,0.000294308
65590,0.000157929
189678,0.00018455
325459,0.000604845
422405,0.000341731
545726,0.000164563
621944,9.97E-05
752314,0.000215883
780625,9.53E-05
922911,0.000107581
39013,8.29E-05
305363,0.0001103
563834,0.000104821
690456,9.42E-05
781766,0.000108074
808944,0.000190295
855836,0.000127739
178906,0.000233429
219203,0.000345651
803026,8.62E-05
11754,0.00011329
22257,0.000102832
137084,0.00016327
159433,0.000168706
177454,9.27E-05
228099,0.000116562
235923,0.000135614
246960,0.000221039
290590,9.23E-05
302106,8.56E-05
354722,8.66E-05
390477,0.000187218
484145,0.000187952
495338,0.000156192
545074,0.000163597
572499,0.000102901
776093,0.000180005
790833,0.000116053
874289,0.000106079
121590,0.000679752
253142,0.000388389
567624,0.00016205
590441,0.000156714
1433,9.54E-05
133057,8.48E-05
161808,0.000121053
162269,0.00012767
162487,0.000109249
227088,8.42E-05
270491,0.000825234
286115,0.000128251
340446,7.41E-05
368112,0.000112579
495861,7.71E-05
749476,0.000108902
750131,7.41E-05
834108,0.000116209
858375,0.000103789
167320,0.00011523
178122,9.29E-05
420133,0.000242239
820115,0.000105412
393345,0.000113385
564333,0.000158086
23290,0.000814471
170690,0.003178887
242966,0.000322005
490416,0.001996762
494537,0.000176465
641450,0.000145296
748773,0.002478864
7731,7.41E-05
7920,0.000216352
543595,0.000120797
750742,7.41E-05
782768,0.000122126
813946,0.000171078
12472,0.0003013
20050,0.000104796
36106,8.55E-05
38490,0.000854256
77175,9.97E-05
107139,0.000192056
178536,0.000107611
191947,0.000172597
265440,0.000106586
307461,0.00058663
313284,0.000169685
317417,0.00013864
745964,0.00034112
798792,0.000149818
92942,0.000527539
127337,0.000260614
183858,0.000396294
217622,0.00017575
238115,0.003459142
531986,0.002334625
617196,0.001420005
645474,0.0002061
809266,0.000403453
852855,0.00122553
62823,0.000239184
202545,0.000152375
385611,8.52E-05
335,0.000139563
158309,0.000155946
225930,0.000127717
680476,0.000113309
792530,0.000202535
15318,0.000131265
81561,0.000153306
207127,0.000107621
214162,0.000172945
251375,0.000194916
300749,7.41E-05
396676,0.000207929
522768,0.000115299
605375,0.000132197
792370,0.000158697
798248,0.000165423
944084,0.000259811
18258,0.000280911
169536,0.000175219
740833,9.98E-05
44994,7.80E-05
129547,0.00054045
205180,0.000172548
369270,0.001283052
611102,0.000276798
617844,0.000905347
625739,0.000103526
942529,0.000922555
66570,0.00014119
67528,9.85E-05
267354,0.000837625
743929,0.000979032
809058,8.78E-05
927627,0.000552073
325401,0.00032074
473554,0.000124654
490549,0.000149217
674150,8.37E-05
686897,0.000259624
936190,0.000179203
68780,0.000219338
175196,9.60E-05
184187,9.74E-05
201760,0.000211701
248392,0.000323896
341137,8.99E-05
7448,0.000168872
127063,0.000157471
155563,8.76E-05
308871,0.000379186
478246,8.09E-05
651156,0.000170369
762731,0.000207358
767016,0.00028559
117844,0.000200007
200791,0.000330385
320761,0.000138955
410219,0.000966635
471156,0.000109702
573100,8.53E-05
791483,0.000125218
238495,0.000756118
493122,0.000237977
543055,0.000222529
596922,0.000259307
631774,0.001937818
751019,0.000631214
925181,0.000351229
573978,9.92E-05
152023,0.000100812
16759,0.000544891
39656,0.000498506
160198,0.00023595
172350,0.000716892
301955,0.000183906
770629,0.000667697
47421,8.60E-05
106298,9.86E-05
165663,0.00011105
193320,0.000138316
299471,0.000175901
745241,0.000176162
897214,7.97E-05
34899,9.11E-05
51376,0.000216346
167287,0.000170247
219483,0.000250164
290812,0.000681653
364399,0.00029681
809357,7.98E-05
842802,0.000299657
990384,7.41E-05
71970,0.000149714
90389,7.41E-05
673114,7.41E-05
781172,0.000590728
2411,0.000426071
81017,0.00010599
147638,8.76E-05
186927,0.000147505
300245,0.000151204
675495,0.00010234
826364,7.93E-05
840000,0.000128246
667794,0.000215217
934721,0.000391753
14651,0.000541566
70715,0.000307251
144847,0.000301199
629609,0.000150024
664378,0.000257003
765722,0.000117571
814606,0.000344768
868456,0.000133923
934069,0.000350722
944310,0.000643743
31685,0.0003985
96613,0.000197563
117490,8.24E-05
147635,0.000229505
159214,0.000348342
166785,9.98E-05
174557,0.000773981
182900,0.000375822
184091,0.000124641
204386,0.000286073
248798,0.000100837
285272,0.000116473
294923,0.00019271
359016,0.000159684
359966,0.000133182
688400,8.56E-05
791120,9.73E-05
812046,9.99E-05
816387,0.000130967
855405,0.000136922
962339,0.000128068
31067,0.000863778
677781,0.000707552
766893,0.001024827
772976,0.000395445
814898,0.000307619
15694,0.000107534
29791,0.000110701
29884,0.000394338
31556,8.44E-05
36521,0.000185166
79044,0.000100501
112185,0.000106248
145128,0.000236657
212131,0.000129969
240665,0.000148587
326249,0.000228146
575522,9.67E-05
793425,8.47E-05
815537,8.99E-05
954964,9.10E-05
608701,0.00723313
797881,0.002925494
10412,9.09E-05
21744,0.000130858
103484,0.000111276
600069,7.41E-05
774588,0.000187514
848034,0.00010491
31274,9.33E-05
199995,0.000287451
253861,7.41E-05
404434,0.000405284
798992,0.000186297
140176,0.00023415
61480,0.000148417
131581,0.000340877
162233,0.000371041
781094,0.000635397
111794,8.99E-05
161173,8.30E-05
227776,0.000145015
398615,0.000114652
607283,0.000614485
32071,0.000279013
98189,0.000893808
193160,0.000871323
380704,0.000935528
549797,0.005245739
747506,0.000255952
796741,0.000499147
848784,0.007451455
857203,0.000237887
5882,0.000834567
44764,0.000555388
75747,0.001279298
97182,0.000146469
936946,0.000152367
3595,0.000192547
79960,0.000169757
150048,7.67E-05
203008,0.000257686
303626,0.000110899
825924,8.15E-05
887619,0.000136811
128440,0.000154012
128495,0.000122428
758453,0.000109693
891264,8.58E-05
923033,0.000133076
16281,0.000128562
58549,0.000321195
49774,0.000121787
61044,0.000264337
96379,0.000297012
467203,0.000680829
69986,0.000243845
72205,0.000163164
159699,0.000269129
294085,0.000143702
637150,0.000103196
806247,0.000165956
14073,8.85E-05
16438,0.000132059
64303,0.000230053
73421,0.00018593
154530,0.000188791
180263,0.000131775
314600,0.000391445
343930,0.000306354
475932,0.000119618
478426,0.000259093
485191,0.000134439
501692,0.000137043
569914,0.000257657
684240,9.71E-05
764181,0.0001023
790732,0.000183838
866786,0.000722911
939567,0.000515415
78044,0.000229572
5441,0.000214381
9441,7.86E-05
572579,0.000189131
38466,0.000215098
44703,8.79E-05
153590,0.000111072
179205,0.000132638
232564,0.000283466
295545,0.000178564
626268,0.000141384
696015,0.000126064
888730,0.00064666
29067,0.000155656
423267,0.000466776
483587,0.00044126
582313,0.000639322
47033,0.000176155
129761,0.000156702
301619,0.000163772
334193,0.000399499
798662,0.000333677
131841,0.000380963
793227,0.001147476
93322,0.000421941
138063,0.000178345
160848,0.000239727
328014,0.000519948
641994,0.000230206
751592,0.00027543
785380,0.000758557
836312,0.000195207
263937,0.000116479
540883,0.000149943
817754,0.000109931
845775,8.28E-05
864209,0.000195343
13387,0.000110827
70027,9.29E-05
104455,9.79E-05
120953,0.000113838
501081,0.000152784
564726,9.89E-05
784814,9.45E-05
40225,0.000657845
418955,0.000543555
491220,0.000586522
575012,0.000156129
597309,0.000327878
801573,0.000216135
806877,0.000819524
830375,0.000183319
33161,0.001114483
590285,0.000109378
607448,0.000637991
766094,0.000205524
944349,0.000201621
162930,0.00011106
164093,0.000269328
185948,0.000180161
260038,0.001228899
368367,0.000241864
378624,0.000472176
29867,0.000148842
171728,0.00026935
273531,0.000168004
314113,0.000195887
81796,0.001682979
119629,0.000103088
290464,0.000226696
764702,0.000628002
845443,0.000170613
305501,0.000214519
103162,0.000125156
213212,0.000154357
302685,0.00023005
384675,0.00040312
834673,0.000143282
489520,0.000207853
671244,0.000111666
766533,7.41E-05
78886,0.000119916
80720,0.000105054
137390,0.000448879
260212,0.000195858
482677,0.000103494
567570,9.59E-05
789340,7.89E-05
831215,0.000151659
895443,0.000171682
53739,0.000224458
98081,0.000180076
106987,0.000146586
131681,0.000408336
314155,7.99E-05
330575,0.00030624
344275,0.000259572
745915,0.000141876
753985,0.000156834
794449,0.000119369
822777,0.000173458
132449,0.000185951
232701,0.000105271
362437,0.000121475
409968,0.000143504
671156,0.000134183
815236,0.000100822
837946,0.000106317
838300,0.000134836
52900,0.000403449
87985,0.000735125
274321,0.000217271
814852,0.00012644
823012,0.000145645
19701,0.000551807
34988,0.000113104
44906,0.000173156
46527,8.16E-05
188190,7.41E-05
423305,0.00026333
633181,0.000147288
751604,0.00014135
179379,0.000298488
188202,0.000109798
224638,0.000260331
233066,0.000522657
307025,0.000169454
504928,0.000261003
614339,0.000255961
763301,0.000985582
608945,0.000181319
781370,8.59E-05
154998,0.000234704
257544,0.000253052
749734,0.000447027
855423,0.00027552
341422,0.000145125
591104,0.000247191
688804,9.48E-05
3829,0.010742974
28166,0.001169378
59156,0.001091166
76881,0.001952638
276085,0.003685775
81194,0.000735516
100854,0.000212869
108826,0.00208788
148477,0.000166343
164594,0.000621279
168958,0.000166829
198162,0.000310722
233228,0.000278537
457807,0.00034408
838195,0.000272333
611877,0.000168179
750203,0.001252265
74970,0.002430742
246022,0.000979421
287604,0.014590238
120010,9.16E-05
163420,0.000106693
206407,0.000320004
475334,8.64E-05
479350,0.000102268
486047,8.42E-05
604075,0.000100281
786613,0.000412157
1416172,7.41E-05
16944,0.000162382
129817,0.000167194
165830,0.000138682
181376,0.000104549
352171,0.000122715
681340,0.000196411
697350,9.25E-05
788508,0.000100622
798477,0.000100494
80780,0.000138723
85410,8.19E-05
142050,0.00010502
174122,9.59E-05
177060,0.000292929
307875,0.000105136
345355,0.00013713
852997,7.68E-05
69534,9.81E-05
222436,0.000131129
251595,8.26E-05
297702,0.00011869
520975,0.000170347
680522,0.000120628
97529,9.24E-05
226380,8.58E-05
680003,9.79E-05
789775,0.000176596
798326,0.000108254
800100,0.000177408
928942,0.001003133
961688,7.41E-05
189644,0.000343179
281254,7.41E-05
393789,8.98E-05
510805,8.61E-05
530745,0.000314789
583959,0.000559693
592954,0.000117362
681171,7.41E-05
787960,7.41E-05
936206,0.000245307
941579,0.000756316
7230,8.39E-05
140816,0.000123574
252184,0.000116232
337631,0.000117575
467853,0.000106306
887348,0.000159585
194703,0.000373163
756656,0.000435764
191063,0.000154804
308932,0.000191129
672011,0.000364968
46794,0.000113608
99246,0.000109727
162197,9.60E-05
169795,0.000105787
377581,7.99E-05
570061,8.33E-05
615489,7.67E-05
925528,0.000119839
528221,0.000627457
2330,0.000101781
94210,0.000383052
397042,9.64E-05
502199,0.000111615
548338,0.000437293
674332,0.000235261
678408,0.000159675
228299,7.41E-05
233862,0.000214083
243527,0.000152018
463527,9.93E-05
156043,0.000174841
259800,0.00017304
754879,0.000119846
792925,0.000212983
631579,0.000126673
927736,0.000112475
955544,9.68E-05
961234,0.0001042
103324,0.000103103
151787,0.000133803
305541,0.00014597
278575,0.000245124
567190,0.000326632
573870,0.000308699
923618,0.000277501
2993710,0.000537307
228323,0.000150371
74853,0.000183345
921306,0.000190172
190632,9.75E-05
610706,0.000233857
502163,0.000179478
75295,0.000376997
173988,0.000144935
190021,0.000397722
242861,0.000291619
636474,0.000236653
9680,0.000386399
172612,0.0001616
932858,9.93E-05
607804,0.001006293
407986,0.000103412
814220,9.51E-05
161351,7.41E-05
268871,9.48E-05
333464,0.000100813
193231,0.00042094
413524,0.000255421
104714,0.001530213
35076,0.000124664
161920,0.000128505
239921,0.000277649
332257,0.0001358
482334,0.000219978
748222,0.000358847
129775,0.000664239
131624,0.000386159
617370,0.000275326
793845,0.000171698
101795,7.41E-05
188432,8.24E-05
944206,0.000130696
354158,7.86E-05
564239,0.00021477
678339,0.000209755
755494,0.000590186
771010,0.00018353
838241,0.000128995
840523,0.000178463
937003,0.000287243
69060,8.79E-05
100473,8.14E-05
109414,8.93E-05
238297,0.000102808
498691,0.000196646
585189,0.000186022
762500,9.47E-05
766361,0.000131352
797431,0.00010704
172167,0.000142206
174752,9.58E-05
601430,8.34E-05
749504,0.00023325
105354,0.000363177
500992,0.000130849
835585,8.73E-05
859868,8.92E-05
948171,9.48E-05
185615,0.000120177
198532,0.00011781
391398,0.000694796
538677,0.002372272
744796,0.000195498
814751,0.000183199
37658,0.00094065
57209,0.000124544
118327,0.000197745
140499,0.00033473
174822,0.000193805
186594,0.0001239
241724,8.24E-05
311074,0.000128251
387815,0.000423557
488378,0.000188822
521704,0.000189266
607028,0.000104174
635413,0.0003156
645612,0.000671402
678009,0.000417202
753963,0.000164666
773392,8.16E-05
799466,0.000107963
849672,0.000213693
936658,8.60E-05
72041,0.000167424
123915,8.67E-05
208303,0.000101993
754251,0.000163097
756180,0.000158806
83095,0.000102733
152973,9.50E-05
182360,0.000285184
577235,0.000400014
4852,0.000106596
203670,8.54E-05
313899,8.54E-05
749671,0.00010643
769444,0.000234547
250435,0.000111671
266160,0.0019907
330601,0.000288688
330967,0.00014185
894827,0.000170894
242211,8.23E-05
323194,0.000122007
259529,0.018604293
191429,0.000222415
769616,0.000483542
959770,0.002750816
127360,0.00014578
358820,0.000162117
481057,0.000200445
567325,0.00037039
203639,0.000103778
29978,8.36E-05
35021,0.000552225
135024,0.000488183
282709,0.000430408
569685,0.000845363
353145,0.001040367
70800,9.35E-05
154544,0.000300745
195874,0.000186426
197921,0.000237697
768321,0.000129628
784732,0.00013006
27916,0.0001441
29909,0.00011455
45313,0.000120341
292915,0.000202907
293896,0.000222893
505532,0.000379438
595101,0.000276637
643549,0.000170438
794173,8.08E-05
845625,0.000123215
892823,0.000162282
956707,0.000101537
84814,0.000105242
391933,0.000195379
588508,9.78E-05
596126,0.000398236
809999,0.00015369
256349,0.000561946
322027,0.00023638
479028,0.000604614
495784,0.000159922
815575,0.001039148
137494,0.00197264
376608,0.000535773
792953,0.001702567
793988,0.001219798
803720,0.001071443
193216,0.000309572
210323,0.000192935
482600,0.000135611
297955,9.14E-05
319021,0.00010363
486645,8.55E-05
501802,0.000174818
583478,0.000117283
202554,0.000117328
489316,0.00061306
129308,0.000171814
415239,7.97E-05
745318,8.67E-05
790814,0.000148204
395819,0.001351516
61226,0.000185646
607773,0.000158632
892771,0.000368055
290040,0.000433579
317093,0.005852841
668448,0.001012461
817000,0.000544685
51066,7.41E-05
304401,0.000305752
590479,0.000378799
925837,0.000110823
17748,0.000339586
299668,0.000157318
210991,0.000102018
317865,8.78E-05
585249,0.000149078
922728,0.000310173
84053,0.000378114
119651,0.000125939
478603,0.000245982
758444,0.000128554
336783,0.000270234
384920,8.03E-05
394449,9.47E-05
674263,0.000142185
26520,0.000110226
408696,0.000105782
607202,0.000155808
920101,0.000106897
46699,0.001325968
105618,0.000152447
130115,0.000330849
138833,0.000378751
170815,0.000632922
244711,8.95E-05
265456,0.000442165
424296,0.000163389
479582,0.001038208
496097,0.000218679
497132,0.000177901
636044,0.000475577
692100,0.000122467
771297,0.000131481
573410,7.76E-05
652255,9.02E-05
82742,9.37E-05
222927,0.000165808
231645,0.000620753
12802,0.000250169
195368,0.000192662
289685,8.11E-05
31263,0.000397097
333634,0.000435723
517264,0.000144842
577531,0.006125648
845468,0.000127102
659517,0.000272642
674873,0.000242117
175708,0.000138457
759031,0.000120038
150062,0.000255362
242511,0.000266371
163229,0.000159625
597094,0.000145262
64509,0.000493754
343396,0.004349186
68551,8.77E-05
283405,7.41E-05
767370,7.68E-05
926108,7.41E-05
627337,0.000169794
660401,0.000175472
218885,0.000222792
219334,0.000183162
939187,0.000109671
125465,0.00010243
33316,9.76E-05
138332,0.000196988
839369,0.000124799
68738,8.96E-05
259561,9.79E-05
639053,0.000436312
920073,0.00016138
26510,8.80E-05
152002,0.000117877
218994,0.000126415
337271,7.94E-05
377908,0.000133708
489876,0.000119661
515628,0.000167177
543867,0.000154056
823165,0.000117918
10538,9.87E-05
89710,0.000105571
149515,0.000118153
574597,0.00019886
665957,0.000103837
921002,0.000240863
206967,0.000822738
786228,9.65E-05
55304,0.000919236
75171,0.001261174
143367,7.41E-05
423095,7.41E-05
761706,0.000144141
92303,9.87E-05
131650,0.000572281
493327,0.00021538
816900,0.000133454
922200,0.000160505
487186,0.000472559
672910,0.000642271
926604,0.00029228
948557,0.000108216
57488,0.000152313
82831,0.003589893
403120,0.008482977
149044,0.000395017
267814,0.000124919
345168,0.000110466
658346,0.000215341
20278,0.000397335
160638,8.14E-05
246885,0.000259715
397876,0.000101047
662800,0.002001216
762288,0.001017147
778344,0.000358513
422947,0.000585846
515251,9.82E-05
931105,0.000200873
950956,0.000118384
42993,0.000134639
80537,0.000279417
3495279,0.000146743
135054,9.00E-05
266255,0.000253702
766385,0.000110616
34249,0.000100193
167517,0.000118896
286561,0.000101687
135152,0.000153664
799081,0.000112031
925066,0.000146776
573241,0.000149509
19892,0.000124269
61172,0.000229361
758520,0.000186465
858827,0.000441031
889097,0.000112949
558339,0.000391073
642664,0.000385983
988386,0.000407639
858710,0.000290528
903609,0.000285935
484396,0.001035194
578031,0.000119676
935990,7.41E-05
315336,0.000439148
556242,0.000679836
75100,0.000292004
140689,0.000172843
222351,9.10E-05
474482,0.000260674
913210,9.30E-05
171693,0.000107078
747757,0.000165255
61534,0.000132861
142652,0.0002129
13508,8.33E-05
108679,0.000114977
636433,9.30E-05
775877,0.000120979
923705,7.41E-05
3413,8.81E-05
128249,0.000100181
142178,0.000165513
205254,0.000124741
813392,0.00065259
816896,0.000218142
73644,0.000151626
171637,0.00058025
190946,0.001126608
332852,0.00014224
3056,8.14E-05
9084,0.000226073
750925,8.14E-05
783250,8.14E-05
926548,0.000766506
17929,0.000116969
58438,0.000155938
106882,8.83E-05
110104,0.000151147
127696,9.57E-05
176358,9.43E-05
200074,0.000125289
619423,8.17E-05
684830,0.000125281
884962,8.84E-05
920939,8.31E-05
139933,0.00065319
213165,0.000236332
814036,0.000623403
36468,8.39E-05
38302,0.000130552
138520,0.00055764
223197,9.15E-05
255704,8.71E-05
312354,9.31E-05
367459,0.000108972
471355,0.000175422
472925,0.000118964
761108,8.71E-05
855952,7.80E-05
58372,0.000395153
308645,9.78E-05
453041,9.51E-05
741177,0.000147308
291043,0.000139152
44290,0.000576349
792175,0.000899278
49806,0.000498502
64817,0.000565488
1006782,0.002316186
130764,9.60E-05
139089,0.000106957
213921,8.85E-05
243008,0.000188137
258430,0.000137578
317545,0.000223
527267,9.51E-05
780581,0.000106998
805345,8.05E-05
848913,0.00019174
920994,0.000158789
819894,0.0007475
94764,8.88E-05
451296,0.000121399
129430,0.00017348
853926,0.00013557
928351,0.00010055
312353,0.00013523
509223,0.000139546
799771,9.56E-05
170381,7.65E-05
465562,7.41E-05
987621,0.000115502
416785,0.000279555
760240,0.000581974
743968,7.97E-05
102050,0.000705788
772745,8.76E-05
99561,0.00024601
124492,0.000169378
477116,0.000104071
850692,0.000178933
68155,0.00061138
278559,0.000110189
295415,0.000202592
492670,0.000103892
639005,0.00025102
899198,0.00014106
376739,0.000110743
758943,0.000138405
830425,8.71E-05
962064,0.000322734
942335,0.000108428
949820,0.000185646
578141,0.000376228
785611,0.000314468
852007,0.000853674
24944,0.000297116
79392,0.000151204
466759,0.000218591
232869,7.41E-05
245019,0.000172111
758208,0.000122436
669015,0.000571641
3170,8.04E-05
94205,0.001171028
165818,0.000158659
196248,0.000215726
33560,0.000136816
266916,0.000225313
418981,0.000829143
469286,0.000245626
774791,0.000159065
868306,0.000246318
756740,0.000155528
115733,0.000435271
894956,0.000536728
186312,0.000290146
81083,0.002780492
169202,0.00059202
192925,0.000182279
223054,0.00029162
527379,0.00070066
536754,0.00110966
738855,0.00011014
486775,0.000431264
127949,0.000116126
139804,0.00010948
354733,9.02E-05
146544,0.000101939
223701,0.000119107
238440,0.000244781
600228,8.14E-05
148355,8.38E-05
752773,0.000136693
767741,8.73E-05
776011,8.72E-05
837486,8.53E-05
809396,0.000153807
48816,9.00E-05
211424,0.000176127
76658,7.75E-05
136075,8.31E-05
406583,7.68E-05
628684,7.90E-05
772721,8.47E-05
804559,9.34E-05
45057,0.00092248
87113,0.000412116
241813,0.00055888
334829,0.000307592
577720,0.000660454
117001,0.000470624
578744,0.000145123
763554,0.000238832
617568,0.000101803
805208,0.000169995
32366,0.000162401
69153,0.000568834
83554,0.000181238
227487,7.98E-05
683686,8.89E-05
800426,0.000104851
81619,7.93E-05
659299,7.93E-05
789721,0.000153582
842269,0.000116217
654490,0.000957742
41899,0.000156792
133119,0.000122746
394806,0.000234716
542549,0.00066686
551815,0.00071341
628981,0.000150555
38977,9.60E-05
196969,0.000206539
300024,0.00012165
443997,0.000139092
571845,0.000118898
758601,0.000121446
797056,0.000121154
837592,0.000142002
43444,0.000175358
67561,0.000154997
107877,0.000122752
224186,0.000135789
585574,7.90E-05
766078,0.000156083
852688,0.000156506
52382,0.000147967
85776,0.000155871
154548,0.000138293
224294,0.000107771
339490,0.000107678
805661,0.000248499
817369,0.000154508
835894,7.64E-05
838524,0.000112941
943936,0.000114135
359062,0.000164952
35587,0.000149578
192338,7.41E-05
779670,8.47E-05
885375,9.35E-05
233035,0.000145383
247966,0.000175625
368451,0.000125361
847735,0.000551479
855531,0.00019823
935330,0.000114983
215058,8.02E-05
270667,0.000129468
325443,0.000149765
521851,0.000117958
946560,9.25E-05
146490,8.68E-05
335747,0.000123348
757342,0.000143039
771905,8.82E-05
683750,0.000187652
66228,0.000447558
229157,0.000159938
777210,0.000217203
830538,0.000202259
582930,0.000184047
842611,0.000113322
339577,0.000166222
755519,0.000112535
940583,8.91E-05
946137,0.000124294
12180,0.000108428
48566,0.000105325
207644,7.74E-05
333643,0.000124759
586798,9.09E-05
119111,0.000132208
120487,0.000243875
345427,0.000378163
404345,0.000291193
417607,0.000169327
500664,0.000395216
843607,0.000271645
75591,7.41E-05
186185,0.000113515
293490,8.51E-05
374126,0.000105798
579458,0.000109959
641626,7.41E-05
751613,7.41E-05
829267,8.17E-05
988471,9.52E-05
28772,0.000236771
541125,0.000381804
784760,0.000118589
135032,0.000242842
807121,9.64E-05
669511,0.00011381
892775,9.51E-05
128585,0.00022412
923432,0.000244613
181694,0.000452116
797205,0.000135872
272567,0.000179577
949259,7.68E-05
43499,0.000174454
345734,0.000292887
670088,0.000101546
187907,7.41E-05
924318,7.41E-05
960674,0.003065577
101701,0.000112799
184267,0.000170468
80443,7.41E-05
161830,7.41E-05
212614,8.73E-05
954817,0.000101933
634377,0.000122656
75825,0.001038587
765595,0.000133204
813731,0.000107369
425105,0.00086354
34617,9.07E-05
864257,0.000138237
170211,0.000138351
249973,0.000168193
420539,0.000157
179730,0.000197657
49180,0.00025224
827367,0.000117078
838559,0.000142381
625736,0.000191893
194018,0.000203733
204708,0.000461102
309328,0.001470503
620121,0.000261651
668302,0.000142251
776562,0.000130821
807489,0.000274328
28432,0.00010464
38579,0.000119907
49374,9.05E-05
52093,9.17E-05
206241,0.000230419
296903,8.87E-05
566918,9.98E-05
567862,8.51E-05
812802,8.74E-05
926428,0.000106784
269972,0.0023961
80428,0.000108873
428717,0.000303474
90803,0.000682919
193342,8.52E-05
631535,9.15E-05
2368302,0.000101803
308742,9.46E-05
492037,9.56E-05
568137,9.07E-05
569402,0.000158452
748904,7.93E-05
933633,7.41E-05
18176,0.000150261
83013,0.000483872
482787,0.000126394
624215,0.000113286
816517,0.000168518
930642,0.000112039
570825,0.000374879
180449,9.88E-05
208076,0.000355011
243474,0.000163907
254535,0.000128776
674011,0.000181634
830319,0.000125988
891907,8.98E-05
893719,0.000329377
239961,0.001008727
820232,0.000241099
26023,7.89E-05
687487,0.000128341
487271,0.000159066
517074,0.000148784
582024,9.45E-05
795341,0.00010092
799644,7.41E-05
165855,0.000217546
109735,0.000238402
483848,0.000104293
937098,0.000285484
764890,0.000105264
520545,7.41E-05
490763,0.000798076
227527,0.000500355
126144,0.000140723
253457,8.47E-05
228266,0.000114376
127369,0.000428033
201678,9.91E-05
245760,0.000163083
334770,0.000235805
684253,0.000194146
802745,0.000101041
28316,9.15E-05
683658,9.15E-05
29334,0.000475731
780451,0.000366248
745617,0.000124213
784527,0.000797578
790227,0.000451217
39661,0.00028602
89713,0.000382979
112540,0.000691165
154533,0.000811075
342768,0.001970171
796950,0.000929661
813092,0.00058938
898336,0.007470556
310789,0.000156321
288111,0.00013705
488921,8.20E-05
673621,8.11E-05
553483,0.000200876
763237,0.000191894
926307,9.30E-05
1608941,0.000127097
756518,0.000614785
44751,0.000110973
378041,7.72E-05
794846,0.000122776
808214,9.93E-05
74340,0.000347078
245992,0.00017939
21747,9.38E-05
65882,0.000100917
190888,7.82E-05
192260,0.00010808
228444,8.19E-05
314050,9.14E-05
361973,8.38E-05
666763,0.000122312
934350,8.45E-05
171150,0.000126443
492275,0.000210023
553810,8.97E-05
837150,0.000199068
141838,0.000146013
320845,0.000101204
339624,0.000119212
347148,8.67E-05
492466,0.000126789
623254,8.35E-05
143494,0.000196178
153519,0.000110045
151431,0.000230906
198783,0.000380256
554963,0.000113687
811622,0.000115555
211197,0.000207355
342833,0.000230931
26164,7.63E-05
498961,8.56E-05
620495,8.60E-05
921710,8.75E-05
494474,7.41E-05
504276,0.000129366
776659,0.000105373
620386,8.07E-05
183715,7.41E-05
763601,9.09E-05
74134,0.000379126
476356,0.000176663
483334,0.000176663
456896,8.51E-05
66429,0.000142181
200775,0.004633233
327735,0.000115616
318966,7.41E-05
375945,9.79E-05
49062,7.41E-05
185018,7.41E-05
211095,7.41E-05
195237,1.00E-04
135273,0.000409397
502398,0.000182864
577590,0.000222438
827250,0.000284325
761341,0.00010411
93533,0.000265283
36987,8.46E-05
286483,0.000118073
738182,0.000102142
792583,0.000103153
333175,0.000298165
135543,8.20E-05
490620,8.95E-05
807026,7.41E-05
753685,0.000467108
750970,0.000174825
190012,7.41E-05
896965,9.43E-05
1043986,0.000151337
121459,0.000150261
178889,0.000404647
11910,7.79E-05
96744,8.84E-05
819983,0.000121716
359494,0.000414061
489606,8.85E-05
298764,8.44E-05
372322,8.47E-05
754055,7.83E-05
924508,0.000122641
87597,0.000157393
302765,0.000189953
179126,7.88E-05
848952,0.000124961
334644,0.000116323
762821,7.41E-05
486305,0.001558005
630882,0.000421417
402872,0.000316496
111934,0.000350479
668922,9.14E-05
930204,0.00017478
749272,0.000122906
66869,8.59E-05
765302,8.64E-05
790509,8.62E-05
246628,0.000126481
116178,0.000104073
33580,0.000121059
169526,0.000119183
251925,0.000129313
334101,0.000116464
918400,0.000123064
13511,0.010063607
85915,0.00017244
132579,0.00022113
847880,0.000103109
235169,0.00011141
655547,8.27E-05
772191,0.000149507
405903,0.000101142
462110,8.04E-05
475431,7.41E-05
752770,8.31E-05
46184,0.00018179
140521,8.95E-05
76561,8.28E-05
811897,9.40E-05
160054,0.000370656
210425,0.000145272
591048,0.000110709
51909,0.000178322
945196,9.71E-05
31441,9.70E-05
245489,0.000103557
324854,0.00019072
343940,0.000352303
489845,0.000161552
891575,0.000131495
107090,0.000168911
407300,0.000119044
562030,0.000172678
885875,9.90E-05
186125,8.75E-05
196690,0.000129493
351227,8.40E-05
359613,9.55E-05
399659,9.68E-05
939565,7.94E-05
66395,0.000143654
85448,0.000312752
109637,9.10E-05
346637,0.002887618
147245,9.31E-05
424292,0.000316809
558596,0.000187686
149946,0.000112492
34094,0.00022116
94658,0.000113436
576839,0.000128395
764636,9.69E-05
182884,0.000103478
24568,0.000231771
90188,0.000151902
67900,9.19E-05
110341,0.000273699
406575,9.19E-05
536275,0.000284874
593930,0.00014408
236287,0.000100237
240081,0.000159252
288904,9.33E-05
780005,9.51E-05
169228,7.76E-05
197460,8.14E-05
402351,8.32E-05
887638,9.14E-05
130028,0.000170486
8549,9.64E-05
40230,8.22E-05
803009,0.000100388
21578,7.78E-05
109421,0.000100366
366164,0.000139554
402249,8.69E-05
488859,0.000109049
200882,0.000326953
582253,0.000105191
73605,0.000110205
477523,0.000192308
828768,0.000504548
125561,7.41E-05
376422,7.41E-05
359179,8.98E-05
788569,0.000135851
22348,0.000101674
234647,8.20E-05
305468,0.00010738
932665,0.000203591
1878899,0.000108491
99888,8.05E-05
151979,0.000193596
181321,0.000102738
479113,8.88E-05
683085,0.000140123
890799,8.05E-05
36402,8.36E-05
606283,8.24E-05
860080,0.000147592
664194,0.000682196
201297,7.91E-05
822910,7.74E-05
203711,8.16E-05
680374,8.46E-05
194036,0.000133623
463435,0.00010933
1908947,7.92E-05
403184,0.000130093
760977,9.77E-05
583935,0.000182592
1266,0.000121019
742673,8.27E-05
94890,0.000120289
120060,0.000128054
414016,0.000140117
503279,0.000157084
686560,0.000114626
518313,0.000282889
660507,0.000306844
829125,9.34E-05
590483,7.41E-05
165736,0.000150212
186734,0.000452775
150530,7.41E-05
232480,9.59E-05
787757,0.000179563
441,7.41E-05
154417,7.78E-05
172041,0.000165928
490738,9.81E-05
578999,0.000136265
681956,8.31E-05
780258,0.000120167
669473,0.000144457
495455,7.41E-05
988529,7.41E-05
568071,0.000136928
135378,0.00012676
952794,0.000641251
746731,0.000125346
790667,0.000103151
898188,7.41E-05
496487,0.000107707
337856,0.000362115
947816,0.000649462
133832,0.000331865
228087,0.000229576
768027,0.000133126
889449,0.000108701
338179,9.55E-05
83859,0.000106155
184637,7.83E-05
611007,8.44E-05
785773,9.48E-05
480108,7.73E-05
503602,8.45E-05
504815,8.54E-05
610346,0.000116572
949619,0.000165993
118493,8.38E-05
188843,0.000170203
219021,0.000144829
219243,0.00017703
292559,0.000259112
931086,0.000176016
35338,0.000128942
51736,0.00010479
40922,7.98E-05
93566,9.41E-05
149840,8.34E-05
167386,0.000143007
266534,0.000103119
328288,0.000126156
491996,8.01E-05
753094,0.00467419
898331,0.007443803
829643,0.000350921
310455,8.78E-05
802464,7.72E-05
67406,0.000221134
751256,7.98E-05
893383,8.91E-05
169317,8.35E-05
89018,0.000102154
651187,7.89E-05
244073,0.000114411
172772,8.36E-05
201022,8.36E-05
338887,8.36E-05
509367,8.36E-05
589630,0.000100155
592595,7.84E-05
812711,8.04E-05
377891,0.000167434
611881,0.000277274
835648,0.000165708
296601,7.41E-05
385879,7.41E-05
662642,7.41E-05
956093,7.41E-05
97173,9.57E-05
315142,8.03E-05
36310,0.00010306
67631,0.000147408
215041,7.41E-05
296024,0.000103063
779209,7.89E-05
61637,7.89E-05
256831,9.25E-05
580485,9.70E-05
44068,0.00012549
281564,7.41E-05
391285,7.41E-05
393257,8.20E-05
225389,0.000936845
634674,0.000118175
244537,7.77E-05
275757,0.000176316
782191,0.000209427
255887,8.04E-05
424117,8.04E-05
193025,7.91E-05
330453,7.91E-05
209773,0.000102532
299277,8.51E-05
1340026,7.41E-05
607967,0.000119045
766066,9.49E-05
778363,8.72E-05
832341,9.35E-05
774956,0.000155372
58361,8.93E-05
664883,8.93E-05
677842,0.000118581
1211412,8.50E-05
855356,7.86E-05
211483,0.000110333
258090,9.50E-05
275832,0.000249319
585092,7.41E-05
745316,9.94E-05
747984,9.93E-05
951384,9.28E-05
27136,9.35E-05
791318,0.000110966
145086,9.61E-05
891032,9.27E-05
496525,0.000523058
924232,0.000737058
315339,0.00018734
358641,9.39E-05
803544,9.48E-05
29808,0.000103874
771419,8.60E-05
68934,7.79E-05
387720,0.000124995
741525,7.41E-05
961133,7.41E-05
569644,0.00011106
290502,9.25E-05
665860,7.94E-05
62002,0.000131463
30928,9.26E-05
303506,0.000141
312890,0.000105365
516929,0.000109831
70534,0.000221986
824219,0.00019095
77662,0.000114881
122023,9.36E-05
321321,9.99E-05
303050,0.000957533
481354,9.23E-05
493848,0.000206983
584257,0.00010363
205520,8.33E-05
480830,0.000103596
664618,7.41E-05
788582,0.000132114
216846,0.000103523
401287,8.45E-05
788937,0.00013392
869409,0.000106891
239655,8.25E-05
792051,7.41E-05
922811,7.41E-05
148305,0.000118639
251361,9.02E-05
520033,9.68E-05
797147,8.46E-05
418662,0.000136563
753617,0.000240036
806168,8.33E-05
26367,7.41E-05
758999,0.000174784
588943,0.000134924
164750,9.10E-05
493412,8.46E-05
768010,9.80E-05
95613,8.77E-05
191699,9.54E-05
792733,0.000103821
884449,8.11E-05
741380,7.41E-05
776576,7.41E-05
954694,0.001293211
78191,9.14E-05
617336,7.93E-05
347639,7.41E-05
226331,0.000130057
450700,0.000132774
181329,9.92E-05
32193,0.000105892
317108,0.000104014
625201,9.35E-05
756291,0.000167166
533117,0.000173486
596451,8.68E-05
667669,0.000236706
674887,0.000149662
958839,8.24E-05
500298,0.000126235
46460,0.000129225
667556,0.000174089
359559,7.41E-05
355451,0.000124857
310383,0.000500186
821590,9.69E-05
123345,8.30E-05
210757,8.30E-05
316340,9.58E-05
299882,0.000160214
80657,0.000449275
816895,0.000400386
366407,0.00015371
475362,9.16E-05
570046,7.41E-05
809446,8.84E-05
833782,0.000120234
30431,8.55E-05
191680,0.000121745
141256,0.000210747
296402,0.000174124
214593,0.000105828
221844,8.33E-05
675710,8.94E-05
687561,9.69E-05
790604,9.86E-05
829122,9.50E-05
647796,0.000200695
753706,9.57E-05
809334,0.000237563
197532,0.001000515
615026,8.31E-05
919525,0.000134958
94126,9.54E-05
25047,8.40E-05
576718,0.000101201
672498,9.72E-05
757157,9.32E-05
742980,8.52E-05
746407,8.52E-05
255733,0.00010293
234844,0.000119247
58386,0.000105568
187413,7.77E-05
197364,0.000108804
239638,0.000314714
389213,9.66E-05
837215,0.000109362
866841,0.000161886
167361,0.00010109
340152,7.68E-05
259240,8.46E-05
623518,0.000105545
814340,8.46E-05
560208,0.0001316
575695,9.32E-05
257141,0.00015671
32971,8.25E-05
190531,7.74E-05
237517,0.000275705
268990,8.71E-05
683065,0.000152125
933883,8.49E-05
359199,0.000911226
768149,0.000146847
101776,0.000131424
333573,9.96E-05
755570,0.000114643
755792,8.09E-05
135391,0.000235051
609966,0.000411642
62729,0.000102269
167399,7.41E-05
805332,0.000117978
358532,8.33E-05
275130,8.27E-05
831236,9.14E-05
146354,9.60E-05
214546,8.74E-05
743966,8.13E-05
818593,0.000176513
57124,0.000128196
259270,9.54E-05
591902,9.22E-05
762652,0.000152763
826660,0.000119182
296487,0.000110669
75801,9.24E-05
350585,8.67E-05
48908,0.00012354
4451,8.22E-05
45077,0.000126736
221603,9.79E-05
234488,0.000141833
269172,8.89E-05
788568,0.000280242
695019,7.41E-05
796166,0.000146706
887719,8.98E-05
692251,0.000118355
898828,0.000181686
622379,8.84E-05
767095,0.00011461
189701,0.000150949
958076,0.000583628
498987,9.93E-05
642796,8.09E-05
781932,0.000295738
102985,0.000201322
240252,0.000149588
165068,7.41E-05
502371,0.00014336
149173,7.41E-05
786245,8.37E-05
194039,7.83E-05
760154,0.000137581
17877,0.000115896
808198,0.000157196
661974,0.00010177
25899,7.98E-05
661525,0.000135887
793821,0.000356741
820999,0.000124995
197040,0.000741561
7729,0.000229717
861687,7.41E-05
57188,0.000103287
81683,0.000124522
230667,8.11E-05
34172,0.000178005
294197,8.22E-05
597965,0.000101309
138837,0.00076421
873886,0.000691197
56913,0.000157801
746010,0.000193331
390532,8.89E-05
17387,0.000105566
51233,7.41E-05
300013,7.41E-05
64199,0.000169122
667020,0.000103472
683795,0.000133567
271029,0.000475056
60476,8.58E-05
141681,8.35E-05
193963,7.67E-05
251604,0.000109402
299776,7.88E-05
355616,8.14E-05
770007,0.000108556
778906,7.41E-05
799100,7.57E-05
806740,7.41E-05
815090,8.51E-05
93632,0.000104889
609396,0.000110252
750456,8.54E-05
184811,0.000126095
163198,0.000364526
287860,8.38E-05
91122,7.96E-05
253232,0.000116323
351842,0.000106769
492162,0.000125293
799348,8.95E-05
807949,0.000162352
869417,9.36E-05
633079,8.57E-05
40501,7.84E-05
497760,8.25E-05
20403,0.000289817
398259,0.00010461
2825814,8.47E-05
485991,0.000145608
87179,0.000112616
467382,8.02E-05
746182,8.65E-05
902138,0.000101147
2252,8.49E-05
933568,8.49E-05
6320,8.88E-05
762921,0.000162001
203695,8.86E-05
83194,0.000109748
186805,7.41E-05
251491,0.000106004
508443,7.75E-05
383889,9.62E-05
758630,8.30E-05
138271,8.62E-05
158656,7.41E-05
251033,7.41E-05
664346,8.59E-05
104388,8.60E-05
414889,8.60E-05
280445,0.000142108
300534,0.000308807
330634,0.000189074
624504,8.52E-05
165294,7.85E-05
225948,0.000111453
204714,0.000552916
175087,0.000240523
204968,7.41E-05
674310,7.41E-05
110541,0.000108572
202033,8.14E-05
461737,8.14E-05
522377,0.000143585
11242,8.72E-05
184814,0.00027044
198901,0.000607457
516706,0.000145854
665908,7.84E-05
343954,0.000173252
75665,8.51E-05
153526,0.000280884
188342,0.000120276
238506,0.000112119
781423,8.70E-05
35697,7.95E-05
401114,7.41E-05
255770,9.71E-05
183139,9.78E-05
680065,8.46E-05
121318,8.11E-05
254556,7.41E-05
239827,7.41E-05
173487,9.45E-05
320426,8.14E-05
421315,0.000101681
137137,0.000152028
275386,7.96E-05
159312,7.41E-05
344729,8.20E-05
942624,7.41E-05
793022,0.000268832
3627,9.41E-05
90011,7.68E-05
836313,8.05E-05
866417,7.68E-05
940831,0.000108057
480086,9.40E-05
52151,0.000132502
101164,8.11E-05
919598,9.63E-05
401066,0.000144419
467749,9.26E-05
930722,9.26E-05
776371,0.000104771
152228,0.000100187
399437,7.97E-05
474648,0.000141164
249303,8.34E-05
314372,7.71E-05
235881,0.000123842
753237,9.64E-05
282766,9.27E-05
489209,0.000148852
610339,0.000102326
687933,7.78E-05
352999,8.77E-05
21292,9.22E-05
118189,8.96E-05
77698,0.000892313
943827,8.58E-05
112204,0.000108332
167220,7.41E-05
511041,7.41E-05
287350,0.000177926
165345,8.42E-05
648407,8.70E-05
689367,9.12E-05
608166,0.000317833
633078,8.85E-05
574057,0.000188737
46381,8.00E-05
898275,7.93E-05
5307,7.41E-05
132849,7.41E-05
108124,9.87E-05
301404,7.41E-05
392553,7.41E-05
143951,0.000357976
220946,8.91E-05
248916,9.37E-05
228714,0.000230781
1097,7.41E-05
258882,8.41E-05
271113,0.000148506
449578,7.76E-05
673486,7.79E-05
944105,7.41E-05
262794,9.85E-05
947563,9.10E-05
240923,0.00013346
73383,0.000137686
12877,8.04E-05
588112,0.000101588
163570,9.19E-05
414745,8.88E-05
838414,8.17E-05
590265,0.000117231
247545,8.92E-05
409670,0.000113565
352524,8.06E-05
487535,0.000130362
97786,7.67E-05
282800,0.000221219
636394,9.77E-05
850693,8.17E-05
489207,0.00010191
824866,0.000180304
763341,0.000176777
156938,7.41E-05
190235,8.22E-05
127451,0.00016739
96576,7.66E-05
324646,8.89E-05
475980,9.53E-05
863102,9.07E-05
212129,8.66E-05
492663,9.81E-05
758194,0.000440094
339905,9.09E-05
767129,0.000133889
958768,8.06E-05
31022,9.68E-05
771269,8.49E-05
170330,0.000249752
959775,0.000142229
298225,7.83E-05
781350,7.83E-05
787702,8.22E-05
99449,8.29E-05
221894,0.000205193
646353,0.000620197
97491,7.41E-05
261087,7.41E-05
363100,7.41E-05
786360,0.0001017
78242,0.000191393
131178,0.000332778
639697,0.000196467
804706,0.000106939
222974,0.000120043
654543,7.41E-05
924780,7.69E-05
324819,8.53E-05
125528,8.07E-05
139741,9.89E-05
797670,8.07E-05
243812,9.77E-05
411830,7.68E-05
918600,7.68E-05
948061,0.000100753
87922,7.41E-05
771792,7.41E-05
685751,0.000192319
769876,0.000530466
337119,0.000104288
412134,0.000141635
1292549,0.000138549
185810,9.75E-05
611929,0.000124563
947576,7.41E-05
784766,0.000104832
165162,9.56E-05
943268,8.78E-05
933809,8.79E-05
142767,7.41E-05
216294,7.41E-05
424302,7.41E-05
491786,7.41E-05
279141,0.000592001
319945,0.000105566
524050,0.000122437
230784,0.000110935
800332,8.65E-05
823482,7.88E-05
893111,0.000287837
370703,9.29E-05
785357,7.78E-05
64954,8.51E-05
516202,8.51E-05
532487,9.95E-05
177588,0.000109543
187162,0.000124321
834466,0.00012538
791480,9.53E-05
837985,8.71E-05
825387,9.16E-05
48587,8.00E-05
5501,0.000102318
329883,8.67E-05
131038,8.65E-05
798113,9.73E-05
308762,0.000161632
26193,7.66E-05
846092,0.000115516
849246,0.000104179
668127,7.41E-05
756772,0.000143945
636106,0.000102305
264350,0.000105566
50034,7.97E-05
67539,7.41E-05
179698,8.44E-05
12644,0.000120524
636382,8.29E-05
848572,9.19E-05
366889,0.000153168
673360,0.000381978
954646,0.00033657
36645,7.41E-05
46345,8.30E-05
945269,0.000135306
759668,8.18E-05
684920,0.000212223
401166,8.42E-05
46784,0.000141761
505047,0.000109188
776301,0.000108378
118853,0.000120271
128290,8.52E-05
185155,7.41E-05
193802,8.43E-05
171994,0.000136562
133719,0.000112045
35464,8.26E-05
118664,8.16E-05
31324,0.000112575
149166,0.00011915
249420,0.000107491
16448,0.000100867
202187,0.000102093
77560,7.60E-05
57840,9.42E-05
144349,8.63E-05
185669,9.72E-05
194063,7.99E-05
37794,7.76E-05
61273,0.000110757
686577,0.000122104
216348,0.000125367
220312,9.03E-05
267411,9.03E-05
274520,9.03E-05
300659,0.000126872
30925,0.000104908
807028,7.80E-05
3669,7.41E-05
988655,8.68E-05
882950,0.000176429
212200,0.000134477
792018,9.54E-05
796736,8.84E-05
195305,9.04E-05
655273,0.000116548
929776,7.41E-05
830028,0.000235544
151469,0.000308028
575379,9.54E-05
186096,0.000118651
255347,7.41E-05
420504,7.41E-05
957340,7.98E-05
621959,7.41E-05
696668,7.41E-05
801615,7.41E-05
743760,0.000116415
477954,0.000111388
118384,8.31E-05
306446,0.000127047
806507,0.000149196
296815,8.67E-05
86826,9.93E-05
99104,9.46E-05
391003,7.41E-05
768231,7.89E-05
946563,7.78E-05
120615,0.000115385
126048,8.63E-05
601079,0.000103881
121157,0.000126701
738674,8.18E-05
81079,8.41E-05
142208,8.04E-05
253734,8.14E-05
258741,9.22E-05
314505,0.000111836
2130,0.000293573
256575,0.000138734
255210,7.55E-05
392299,7.99E-05
884686,7.41E-05
502351,9.92E-05
674163,9.92E-05
75329,7.41E-05
169239,9.77E-05
216986,7.41E-05
302774,7.41E-05
304102,7.41E-05
341652,8.92E-05
206538,0.000103812
335302,9.62E-05
863774,7.80E-05
808212,8.62E-05
254215,8.52E-05
280960,7.41E-05
381371,8.67E-05
1606776,7.93E-05
117064,0.00019712
166383,8.48E-05
126782,8.67E-05
660053,8.34E-05
775323,9.20E-05
178645,7.41E-05
838875,8.68E-05
574143,7.41E-05
897783,0.000101134
352294,0.000293232
380259,0.000203922
781732,0.00011561
300035,7.87E-05
125822,8.85E-05
217963,0.000101822
93849,9.52E-05
129637,0.000204528
66800,0.000105066
116087,8.67E-05
45475,8.00E-05
400279,8.59E-05
927650,9.63E-05
211570,7.59E-05
245133,0.000145203
245292,0.000121623
852842,0.000104056
761064,8.07E-05
771470,9.51E-05
13377,7.73E-05
644880,9.61E-05
752673,0.000111017
950441,7.67E-05
504169,0.000202003
511029,0.000555049
765900,8.12E-05
65094,8.04E-05
828507,0.000102642
5980,8.88E-05
597875,7.98E-05
775406,9.55E-05
551465,8.55E-05
621423,9.60E-05
808336,7.84E-05
951375,7.84E-05
290853,8.75E-05
1233067,9.06E-05
98278,7.41E-05
269390,0.000108915
751623,8.10E-05
62270,8.85E-05
186390,8.85E-05
620578,8.85E-05
241004,0.000110918
769109,0.000110918
287092,0.000111863
123515,7.41E-05
524522,8.53E-05
649435,0.000109357
480472,9.16E-05
567374,9.16E-05
296802,8.55E-05
926237,0.000104578
936095,0.000102062
790078,0.000106255
99198,8.54E-05
763551,0.000106392
279097,9.53E-05
783909,9.53E-05
326096,0.000122377
742166,0.000152234
107227,7.41E-05
852810,8.52E-05
855780,7.41E-05
491802,9.02E-05
762177,0.000131411
109669,7.41E-05
746387,9.35E-05
194743,0.000125522
511773,0.000111279
950571,0.000730469
126862,7.41E-05
426564,7.41E-05
487534,7.41E-05
651796,7.41E-05
674161,8.59E-05
737886,8.11E-05
753507,7.41E-05
796439,8.57E-05
102781,8.95E-05
765435,0.000103798
300583,8.26E-05
80118,0.000174722
41431,0.000105777
118128,8.98E-05
90079,8.15E-05
831708,7.41E-05
833631,8.02E-05
221445,7.68E-05
77732,9.22E-05
25394,9.85E-05
663455,8.78E-05
263852,9.32E-05
781399,7.41E-05
147316,8.00E-05
25857,0.000116772
287407,8.84E-05
673933,9.60E-05
933898,7.41E-05
100116,0.000108246
276381,0.00011101
122252,0.00010492
540010,7.41E-05
62860,7.69E-05
316611,7.41E-05
574102,9.40E-05
47134,7.60E-05
127766,7.79E-05
568368,8.75E-05
614982,7.98E-05
813485,0.000593672
380235,7.96E-05
20862,8.87E-05
580058,9.36E-05
373592,9.99E-05
662797,9.43E-05
828740,0.000495304
828756,0.000199315
669303,0.000129534
639789,0.001183865
919846,7.79E-05
168993,0.000193413
166291,8.26E-05
1055285,8.84E-05
88035,7.41E-05
333447,7.85E-05
322279,0.000497105
354189,8.95E-05
69402,0.000115499
647834,7.80E-05
198302,0.000107124
931567,0.002110766
807068,7.41E-05
59699,8.56E-05
40695,0.000167533
369389,8.43E-05
51740,8.49E-05
333539,7.41E-05
672269,7.41E-05
851639,8.49E-05
861757,7.41E-05
293897,9.28E-05
795841,9.28E-05
3099573,9.28E-05
123754,7.41E-05
459616,8.79E-05
585896,7.41E-05
1006765,0.000106142
33666,8.67E-05
219655,9.10E-05
2273,8.91E-05
11028,0.000108823
6310,8.33E-05
208997,7.96E-05
650525,8.19E-05
108446,8.11E-05
894831,7.99E-05
20760,8.97E-05
248920,8.85E-05
32433,8.52E-05
199090,7.41E-05
951374,7.41E-05
139709,0.000107324
679219,9.08E-05
341672,9.04E-05
956268,7.80E-05
987922,8.85E-05
96142,9.07E-05
38291,7.41E-05
111963,7.90E-05
608135,7.41E-05
198922,0.000557813
320442,8.60E-05
82037,7.86E-05
18137,8.56E-05
58360,7.79E-05
179335,9.70E-05
37865,9.74E-05
91879,0.0001019
108554,0.0001019
248452,9.49E-05
565634,0.000176254
903009,0.000174708
97949,8.62E-05
90169,8.75E-05
900349,8.75E-05
803752,9.01E-05
163577,7.89E-05
367417,8.07E-05
77306,0.000106373
144538,9.52E-05
247824,7.41E-05
59503,9.07E-05
29609,0.000198155
639056,0.0001001
757335,0.000119877
757177,7.41E-05
923801,0.000164187
194380,0.000102987
468632,9.01E-05
822874,0.000102987
268161,7.41E-05
741731,7.41E-05
227697,9.17E-05
482572,8.04E-05
605965,9.59E-05
783025,0.001461651
927373,9.64E-05
288830,0.00011214
170879,7.84E-05
670226,9.44E-05
800926,9.16E-05
217792,0.00011141
773407,9.20E-05
25778,9.24E-05
746915,7.41E-05
597736,9.87E-05
80649,8.71E-05
216212,7.86E-05
918569,8.31E-05
158849,0.000107474
759998,8.98E-05
130036,9.46E-05
133528,8.58E-05
57497,7.41E-05
355412,8.77E-05
921384,0.000105845
793664,0.000160869
665944,0.000101346
786080,0.000119504
583723,0.000218117
818366,9.42E-05
28002,7.74E-05
178799,7.41E-05
923323,7.41E-05
82639,0.000105566
555695,7.41E-05
801762,0.000253071
273105,0.000200725
128266,0.000109254
185440,7.93E-05
1431398,9.51E-05
894664,0.000104945
355555,9.41E-05
856451,0.000147278
168110,7.41E-05
289599,7.41E-05
577261,0.00016927
314346,0.000244421
10982,0.000104335
75394,0.000118793
843106,9.05E-05
169578,8.68E-05
468911,8.33E-05
685031,8.33E-05
49367,7.92E-05
234374,7.41E-05
168256,8.45E-05
642427,9.19E-05
46727,0.000107549
274822,0.000169662
250976,9.30E-05
81231,9.67E-05
213510,9.67E-05
627250,0.000184268
261332,0.002528556
600640,7.41E-05
620603,7.41E-05
614455,7.41E-05
677352,7.63E-05
354883,8.67E-05
574119,7.41E-05
371879,8.64E-05
19435,0.000126059
587608,0.000137777
948333,8.02E-05
143749,7.41E-05
98944,7.71E-05
147082,9.87E-05
688515,7.98E-05
765773,7.41E-05
285693,7.98E-05
7305,8.37E-05
405522,0.000120453
502978,7.76E-05
762990,7.99E-05
130402,0.000117436
887718,9.95E-05
391519,8.15E-05
403454,7.41E-05
681154,7.74E-05
762885,0.00010951
804431,8.47E-05
761179,9.09E-05
790797,8.04E-05
132940,0.000144696
196544,9.28E-05
163835,8.93E-05
1839912,7.41E-05
26825,7.55E-05
364861,9.11E-05
151549,8.05E-05
194246,8.68E-05
365542,8.05E-05
785101,0.000113703
385180,7.96E-05
747243,7.57E-05
406733,0.000123797
333181,9.70E-05
406898,9.70E-05
574483,0.000107924
184471,8.47E-05
105129,0.00011034
120412,7.82E-05
745568,9.07E-05
806991,0.000105231
153915,7.41E-05
796281,7.41E-05
104314,7.41E-05
147294,7.41E-05
674262,7.41E-05
123363,7.80E-05
142249,0.000110714
147771,8.56E-05
199917,7.41E-05
611104,8.20E-05
888484,7.41E-05
956973,8.20E-05
388972,7.41E-05
739041,8.46E-05
106916,7.41E-05
257787,7.41E-05
610880,8.71E-05
868174,7.41E-05
199369,9.05E-05
121746,7.41E-05
221803,9.57E-05
690718,7.41E-05
744969,7.41E-05
130855,7.74E-05
222601,7.74E-05
293391,7.74E-05
327130,7.74E-05
472735,7.74E-05
593129,7.74E-05
745071,8.40E-05
836017,7.74E-05
921289,7.74E-05
89305,8.42E-05
748262,8.08E-05
850161,9.20E-05
16361,0.00010002
108265,7.41E-05
354631,7.41E-05
510885,7.41E-05
180023,0.000153064
47246,8.67E-05
500612,7.41E-05
615937,7.41E-05
898946,7.41E-05
170228,8.29E-05
677991,7.75E-05
757665,8.34E-05
740576,0.000126695
126903,9.43E-05
107249,7.41E-05
845668,9.67E-05
387095,7.41E-05
899223,7.41E-05
953552,7.41E-05
918290,9.31E-05
242473,0.0001745
298766,9.10E-05
48622,0.000174763
503283,8.75E-05
763611,0.000168998
411745,8.99E-05
158540,7.41E-05
217641,7.41E-05
724720,7.41E-05
503668,0.000118975
158717,0.000113491
48806,7.41E-05
487038,7.41E-05
280692,8.31E-05
299429,9.62E-05
74452,0.000241194
802791,0.000110614
86927,8.98E-05
831733,8.98E-05
35864,7.41E-05
496370,7.41E-05
286530,7.98E-05
243012,7.69E-05
836394,7.41E-05
854854,7.41E-05
20740,7.41E-05
52736,0.000183852
106514,0.000103656
206465,8.34E-05
484607,8.21E-05
132095,8.01E-05
1518379,8.01E-05
921598,7.98E-05
8245,8.35E-05
137401,8.35E-05
562663,8.35E-05
251210,0.000230198
883345,0.000199783
329232,0.000127837
480956,9.43E-05
104147,0.00012141
409337,0.000157359
421122,0.000214239
490769,0.000147396
487663,9.80E-05
796957,9.92E-05
639621,8.11E-05
778959,8.11E-05
795054,8.11E-05
952834,8.11E-05
289629,9.79E-05
755496,7.70E-05
746068,0.000126137
502774,0.00011073
806822,0.000123373
897322,0.000114234
342691,7.87E-05
648097,7.87E-05
607094,7.80E-05
810592,8.43E-05
222959,8.07E-05
6613,0.000176134
159406,0.00012076
606043,8.44E-05
145543,0.000224077
1777836,8.74E-05
944933,8.03E-05
26350,0.000296381
920117,8.80E-05
153503,8.04E-05
694411,8.60E-05
20319,0.000101598
938878,7.82E-05
74857,8.70E-05
322642,8.24E-05
840289,7.81E-05
408531,8.20E-05
961152,9.85E-05
109274,0.000168202
927795,7.89E-05
760389,8.20E-05
796914,8.20E-05
545534,7.41E-05
752303,7.97E-05
854203,7.78E-05
12128,8.88E-05
818254,8.07E-05
847970,7.89E-05
166767,9.84E-05
278644,7.41E-05
569119,7.41E-05
840215,7.63E-05
647670,7.41E-05
359026,7.41E-05
617536,7.41E-05
42589,8.96E-05
620056,9.26E-05
1113,7.41E-05
201983,0.000105029
537444,7.41E-05
2006721,7.41E-05
754219,0.000153458
38805,8.67E-05
845662,7.98E-05
490860,7.41E-05
749571,7.41E-05
49797,7.41E-05
288154,8.26E-05
1498,7.41E-05
71373,8.04E-05
297839,7.41E-05
502989,7.41E-05
591459,7.41E-05
1163,0.000187447
224925,7.41E-05
98819,8.01E-05
368578,8.07E-05
919812,0.000105078
198426,8.31E-05
789514,9.50E-05
932299,8.11E-05
1016154,8.11E-05
847374,9.52E-05
949780,9.81E-05
782631,7.71E-05
616296,8.78E-05
101415,7.41E-05
597239,7.41E-05
566984,9.38E-05
347151,7.41E-05
657329,0.000124653
21009,7.80E-05
78758,0.00010063
414291,7.41E-05
756959,7.41E-05
759224,7.41E-05
487012,0.00014287
812388,7.41E-05
450991,7.41E-05
117990,0.000113833
955009,8.91E-05
414506,7.41E-05
246169,7.41E-05
753833,8.02E-05
868616,7.41E-05
988627,7.41E-05
97384,7.93E-05
520583,7.89E-05
185383,7.76E-05
69520,9.51E-05
103033,0.000134314
811598,0.000129355
216586,8.21E-05
667584,9.26E-05
371530,8.23E-05
796710,8.81E-05
201958,7.98E-05
35719,8.85E-05
601421,7.82E-05
178135,0.000120955
122037,7.41E-05
731975,0.000120814
641709,7.71E-05
118979,7.41E-05
615304,7.41E-05
949211,8.07E-05
938638,0.000106085
492521,7.41E-05
14263,8.40E-05
485525,9.51E-05
450786,7.41E-05
928160,8.46E-05
625278,7.89E-05
32401,8.59E-05
527024,8.03E-05
315909,0.001632418
174132,8.97E-05
140553,0.000171769
459027,0.000220566
6232,0.00013705
232598,7.41E-05
495288,7.87E-05
128141,8.95E-05
921542,7.90E-05
890724,7.41E-05
151666,8.56E-05
757070,7.41E-05
813463,7.41E-05
31606,8.73E-05
931231,7.41E-05
78532,8.26E-05
479548,8.26E-05
758920,0.000104313
919928,0.000131968
744075,9.36E-05
803757,7.92E-05
135059,9.45E-05
96944,7.64E-05
812101,9.80E-05
1536402,9.80E-05
103447,8.04E-05
520215,0.000121342
186545,7.41E-05
595768,8.67E-05
412393,8.24E-05
919853,0.000154548
847305,8.98E-05
85806,8.06E-05
143559,9.51E-05
396154,7.90E-05
125506,8.31E-05
494746,7.83E-05
159791,0.000163734
47401,7.41E-05
85038,7.93E-05
233147,7.41E-05
169856,8.44E-05
412710,8.74E-05
667622,7.92E-05
1913210,7.92E-05
299840,7.41E-05
787696,8.30E-05
825032,0.000295116
303651,9.64E-05
100659,7.41E-05
424928,0.000114505
68898,8.65E-05
101628,7.41E-05
109367,9.51E-05
16132,7.41E-05
509156,7.41E-05
791734,7.41E-05
855232,7.41E-05
48123,7.91E-05
919603,8.98E-05
238245,7.41E-05
621101,7.41E-05
755745,7.41E-05
333903,7.41E-05
297849,9.11E-05
225754,7.76E-05
193444,8.02E-05
852665,7.41E-05
528895,7.41E-05
285232,9.03E-05
514563,7.41E-05
11970,8.99E-05
552576,7.41E-05
802264,8.55E-05
40294,7.75E-05
843259,7.71E-05
38061,7.41E-05
299567,7.41E-05
944293,8.00E-05
1312035,0.00013705
202344,7.89E-05
814871,8.48E-05
769523,8.29E-05
395187,7.89E-05
318085,8.11E-05
90124,9.08E-05
1811373,9.08E-05
172582,7.41E-05
322339,9.04E-05
164686,7.93E-05
286866,9.34E-05
987481,9.34E-05
574033,8.35E-05
46214,8.55E-05
290414,8.55E-05
769486,7.41E-05
107247,8.11E-05
841950,8.11E-05
6855,7.76E-05
896817,7.76E-05
312126,7.89E-05
869487,0.000102649
926115,0.000102649
138407,8.95E-05
925450,7.90E-05
15158,7.41E-05
68896,7.41E-05
189641,8.37E-05
955647,8.37E-05
451183,7.41E-05
69761,7.41E-05
30664,0.000145005
831448,7.63E-05
90945,0.000105174
1950198,0.00018469
551115,8.09E-05
819946,8.09E-05
277977,8.75E-05
26952,7.98E-05
201667,7.98E-05
89058,8.01E-05
230111,7.41E-05
58934,7.41E-05
343455,7.41E-05
741236,0.000110813
886961,7.41E-05
45560,7.41E-05
947752,7.41E-05
159655,7.41E-05
175379,7.41E-05
382565,7.41E-05
400815,7.41E-05
118791,7.41E-05
178621,8.04E-05
6143,8.19E-05
333766,8.10E-05
953875,8.43E-05
552325,0.000351473
382734,9.13E-05
253397,0.000174965
253408,0.00010122
618230,7.41E-05
50520,8.59E-05
48757,7.41E-05
146796,7.41E-05
787940,7.41E-05
185543,7.61E-05
226556,7.41E-05
509524,8.46E-05
308625,8.04E-05
309068,8.04E-05
169099,8.12E-05
84258,8.37E-05
591620,0.000448161
176332,7.83E-05
674600,7.73E-05
158888,8.40E-05
919282,9.37E-05
146551,8.00E-05
196370,8.00E-05
385766,7.79E-05
200448,8.21E-05
24113,7.41E-05
160428,8.85E-05
73914,0.000138523
69348,7.41E-05
519715,8.37E-05
36934,0.000127461
169124,7.41E-05
199229,8.52E-05
393031,8.62E-05
28619,9.14E-05
491174,7.41E-05
6563,8.08E-05
349180,8.06E-05
176256,8.31E-05
17937,7.41E-05
295976,7.41E-05
200777,0.000333698
720786,0.00018759
38100,0.000121654
331473,8.31E-05
164189,7.80E-05
257160,8.58E-05
127889,8.46E-05
86750,9.30E-05
603036,0.00017566
892586,7.69E-05
14724,8.50E-05
753104,8.50E-05
568622,9.50E-05
769388,9.50E-05
800475,8.41E-05
960874,7.86E-05
22875,8.21E-05
105030,7.41E-05
107556,7.41E-05
313128,8.43E-05
66276,0.000134519
104741,0.000163392
176360,7.70E-05
476645,0.000166192
347451,7.41E-05
136124,8.11E-05
406657,7.79E-05
290775,8.46E-05
523661,7.76E-05
213273,8.42E-05
793898,9.31E-05
125829,7.41E-05
147481,8.31E-05
340364,0.000119661
228058,7.89E-05
358055,7.41E-05
829033,7.93E-05
5366,8.02E-05
247004,8.02E-05
248885,8.02E-05
267435,8.02E-05
335937,8.02E-05
761478,8.34E-05
337015,7.41E-05
85445,0.000108393
107466,8.28E-05
252026,8.84E-05
214383,7.65E-05
194578,8.17E-05
243777,0.000217152
11620,7.78E-05
120067,0.000112184
362922,0.000112184
477001,0.000115423
604924,9.22E-05
74397,7.41E-05
803162,8.79E-05
40743,8.20E-05
391177,7.41E-05
548020,7.41E-05
110564,7.41E-05
12491,7.41E-05
413683,7.80E-05
754587,8.47E-05
762618,0.000185021
276592,0.000578702
20984,8.02E-05
166658,7.95E-05
565521,0.00014098
359555,7.41E-05
276626,7.41E-05
609590,7.93E-05
753422,7.93E-05
138560,9.87E-05
748088,9.87E-05
754767,9.87E-05
115544,7.41E-05
292876,7.41E-05
230886,0.000397527
584695,0.000223222
32807,7.70E-05
603621,8.64E-05
317571,8.26E-05
125569,7.41E-05
36975,8.08E-05
251474,0.000101735
191070,7.41E-05
332641,8.10E-05
122381,7.41E-05
663424,7.41E-05
869708,7.41E-05
656420,9.32E-05
832507,8.04E-05
43520,7.92E-05
81836,7.41E-05
620126,8.88E-05
97395,7.41E-05
98467,7.41E-05
937397,7.41E-05
178371,8.77E-05
812480,8.00E-05
11046,7.83E-05
490852,8.33E-05
746302,7.98E-05
332536,8.31E-05
334243,8.31E-05
595559,8.31E-05
855619,7.41E-05
90018,8.13E-05
360956,8.39E-05
355142,7.41E-05
857621,7.41E-05
518252,7.41E-05
72716,7.62E-05
630603,8.67E-05
85397,7.41E-05
212810,7.41E-05
483716,7.41E-05
337404,8.70E-05
17060,8.20E-05
753868,8.20E-05
193594,7.55E-05
793456,7.41E-05
49026,7.93E-05
206658,0.00012269
961427,7.41E-05
860561,9.38E-05
159410,7.41E-05
467444,7.41E-05
577358,7.41E-05
852405,8.11E-05
48265,7.76E-05
921359,9.51E-05
167296,8.47E-05
470588,8.47E-05
778656,7.80E-05
934243,9.43E-05
146088,7.41E-05
579823,7.41E-05
185999,7.41E-05
209517,7.91E-05
243418,7.80E-05
419102,8.98E-05
670641,0.00038453
205627,7.98E-05
866271,7.67E-05
175025,7.41E-05
307102,7.41E-05
521674,7.96E-05
376793,7.41E-05
207290,7.41E-05
890559,7.41E-05
614933,8.67E-05
777009,8.67E-05
84886,8.20E-05
508391,8.20E-05
919418,8.68E-05
127301,7.41E-05
8125,7.41E-05
31442,7.89E-05
29604,7.41E-05
558954,7.41E-05
138071,7.41E-05
664770,7.41E-05
760214,7.41E-05
937150,7.41E-05
894962,7.41E-05
808155,7.41E-05
43572,7.41E-05
818702,7.41E-05
1426748,8.39E-05
913130,0.000105566
478173,7.41E-05
840708,8.11E-05
923063,8.11E-05
388773,9.51E-05
487219,7.41E-05
511257,7.41E-05
800695,7.41E-05
666244,8.46E-05
14201,8.11E-05
887513,7.41E-05
59758,7.41E-05
749273,7.41E-05
807869,7.41E-05
134761,7.41E-05
1824831,7.41E-05
255268,7.41E-05
952786,8.31E-05
627026,7.41E-05
2717459,7.41E-05
1409777,7.41E-05
691371,8.14E-05
57280,7.41E-05
94792,7.41E-05
367188,7.41E-05
503460,7.41E-05
859589,7.41E-05
994823,7.41E-05
2124046,7.41E-05
664272,7.41E-05
1009342,7.41E-05
221059,8.11E-05
1611,8.67E-05
919239,7.89E-05
825883,7.41E-05
92107,7.41E-05
124825,7.41E-05
812239,7.41E-05
39828,7.41E-05
185591,7.41E-05
312062,7.41E-05
710448,7.41E-05
230963,7.41E-05
16574,7.41E-05
134051,7.41E-05
380651,7.41E-05
811395,7.41E-05
399733,7.41E-05
222153,7.41E-05
258000,7.41E-05
673752,7.41E-05
933458,7.41E-05
846634,8.46E-05
469519,7.41E-05
1589051,8.46E-05
648106,9.36E-05
151988,7.41E-05
540139,7.41E-05
868063,7.41E-05
503242,7.41E-05
3426,7.41E-05
631275,7.41E-05
497236,7.41E-05
184677,8.98E-05
791609,8.98E-05
793848,8.98E-05
2165952,7.41E-05
717419,7.41E-05
166505,8.46E-05
663645,9.09E-05
16186,7.41E-05
681718,7.41E-05
237773,8.67E-05
639748,8.67E-05
44776,7.41E-05
386560,7.41E-05
562850,7.41E-05
159340,7.41E-05
782163,7.41E-05
863733,7.41E-05
3214680,7.41E-05
277572,7.41E-05
662416,7.41E-05
843995,7.41E-05
923745,7.41E-05
2960510,7.41E-05
771838,7.41E-05
318882,7.41E-05
84446,7.41E-05
109628,7.41E-05
9218,7.41E-05
181817,7.41E-05
814387,8.46E-05
3413511,7.41E-05
233136,8.11E-05
879144,7.41E-05
985124,7.41E-05
1028077,8.11E-05
472102,7.41E-05
331400,7.41E-05
676818,7.41E-05
1573712,7.41E-05
2450537,7.41E-05
2995948,7.41E-05
2397780,7.41E-05
128873,7.41E-05
755918,7.93E-05
46814,7.41E-05
548397,8.04E-05
720741,8.04E-05
922398,8.04E-05
1013375,8.04E-05
468938,7.41E-05
124248,8.46E-05
1714462,8.46E-05
798658,7.41E-05
572508,7.41E-05
854866,7.41E-05
945951,7.41E-05
1032082,7.41E-05
749743,7.41E-05
528243,8.98E-05
990368,8.98E-05
94861,7.93E-05
182302,7.93E-05
755152,7.93E-05
896216,7.93E-05
990366,7.93E-05
587631,7.41E-05
1422105,7.41E-05
325727,7.41E-05
793225,7.41E-05
1029659,7.41E-05
2063135,7.41E-05
128143,7.41E-05
73682,7.41E-05
677241,7.41E-05
219428,7.41E-05
1717415,7.41E-05
115554,7.41E-05
2048033,7.41E-05
2290007,7.41E-05
2435745,7.41E-05
280897,7.41E-05
187422,7.41E-05
987777,7.41E-05
105462,7.41E-05
581713,7.41E-05
944700,7.41E-05
996127,7.41E-05
670734,7.41E-05
1055021,7.41E-05
266063,7.41E-05
822089,7.41E-05
2570457,7.41E-05
736318,7.41E-05
866215,7.41E-05
485365,7.41E-05
569600,7.41E-05
780948,7.41E-05
19740,7.41E-05
215513,7.41E-05
405142,7.41E-05
619536,7.41E-05
849405,7.41E-05
2592086,7.41E-05
1072350,7.41E-05
2031918,7.41E-05
2867436,7.41E-05
3161008,7.41E-05
546738,7.41E-05
2393596,7.41E-05
366681,7.41E-05
178301,7.41E-05
935739,7.41E-05
122219,7.41E-05
180516,7.41E-05
130037,7.41E-05
580300,7.41E-05
588246,7.41E-05
1507678,7.41E-05
2873356,7.41E-05
861252,7.41E-05
1028746,7.41E-05
1035160,7.41E-05
2412330,7.41E-05
2782403,7.41E-05
2674162,7.41E-05
479149,7.41E-05
95176,7.41E-05
284939,7.41E-05
586843,7.41E-05
985076,7.41E-05
1391526,7.41E-05
2639628,7.41E-05
325357,7.41E-05
573391,7.41E-05
460390,7.41E-05
80358,7.41E-05
2598627,7.41E-05
274637,7.41E-05
50581,7.41E-05
52062,7.41E-05
2385504,7.41E-05
2507287,7.41E-05
2766592,7.41E-05
1599476,7.41E-05
2365087,7.41E-05
2659130,7.41E-05
3006966,7.41E-05
588887,7.41E-05
2814183,7.41E-05
261309,7.41E-05
2518003,7.41E-05
2896351,7.41E-05
