type,id
0,792507
1,119107
0,816890
0,79016
0,66915
2,894465
0,41874
2,180228
1,26350
1,423829
2,184502
0,813392
2,858827
2,132940
1,803752
2,754032
0,182900
2,139026
4,69402
0,411761
2,796734
2,622805
1,316834
1,239859
2,577627
2,583959
0,988440
1,175553
1,490416
0,197424
1,489316
2,446509
5,219203
2,531986
2,200791
0,100160
2,883318
2,216348
2,927555
2,189644
0,944084
0,307461
1,346336
5,472102
0,238115
2,85915
3,187478
2,84209
0,204901
1,232480
1,1535255
2,131650
2,317093
0,350840
4,467203
1,9680
5,137390
5,199995
1,781423
2,325459
0,414251
2,530745
0,404434
0,615026
5,144847
0,256349
2,355142
2,357406
0,467749
0,814751
1,39656
2,204386
2,600069
1,94210
2,203008
2,361393
5,574772
2,1426748
2,1589051
5,490004
0,379125
0,247966
0,806336
1,742899
2,154544
0,858710
1,61912
1,74005
1,764702
0,43714
2,117844
2,291043
2,239921
2,956707
0,864209
0,163229
5,604852
2,678009
1,781399
2,75747
2,631774
0,944310
2,59156
5,486047
1,745964
2,175286
0,811622
2,240252
1,295756
0,114342
2,2674162
1,162677
5,246611
0,766893
2,899530
0,922728
2,131627
5,625739
2,237205
2,615119
2,1482685
5,239827
4,266063
0,605375
0,181694
2,110161
2,270491
5,72041
2,337119
1,617196
3,138699
0,833631
0,783909
5,757342
5,260206
0,190946
5,771438
2,120521
1,142767
2,686897
5,685647
2,38936
5,68551
2,311680
0,855531
2,569685
5,289599
5,354105
5,690254
0,740576
0,936206
2,761179
2,781837
2,38490
2,193320
2,267411
0,952794
2,11707
2,128099
0,921965
0,31685
1,205627
2,260038
5,262255
2,367188
2,674887
1,98465
0,478603
2,2784799
0,211758
5,326249
0,744796
0,46861
1,248392
1,206967
2,209142
2,824022
2,799053
2,1276114
5,170369
1,798662
2,2766592
2,120010
2,170879
0,311074
2,608701
2,1416172
0,135273
5,128440
2,33666
2,410219
5,750742
0,1006782
2,994823
5,62823
0,751019
2,327735
0,852007
0,136871
3,313284
2,424244
0,549797
1,850692
2,293896
5,37730
0,75100
2,78044
4,144458
2,961234
0,246885
2,840402
5,406294
0,479028
2,492521
0,51909
5,540883
5,891063
2,500992
0,232564
5,22124
2,33161
0,667794
5,112789
0,743929
2,38466
1,424302
0,354189
1,957296
2,6334
1,30250
0,610706
2,2165952
5,5953
0,29884
1,958533
0,629609
1,955773
2,667669
2,2264745
1,36521
0,227527
4,299471
5,480086
2,923033
2,590479
2,607448
5,775877
0,159699
0,266160
0,378624
5,522768
2,560208
2,1176481
5,2639628
5,5501
4,673486
0,815039
1,127369
4,279337
5,640208
5,863790
2,472925
0,274321
0,894335
1,640675
2,140499
5,318085
1,855423
1,869487
2,44764
1,988471
0,71209
5,175579
5,192382
0,405522
5,825251
2,840102
5,7920
2,184043
2,559405
5,422405
2,102985
0,130689
2,186312
5,290812
2,542549
1,607028
2,790797
0,272567
2,285232
2,661524
0,136640
0,409954
0,548338
5,592954
0,36106
2,328288
2,332141
2,351733
0,925450
5,987621
2,69534
4,319347
2,59293
2,334193
0,695189
2,842802
2,1168958
4,170770
0,46699
5,61938
0,102050
2,208076
2,303506
2,673621
2,177060
0,817754
1,505047
2,753507
5,820434
0,14651
0,70715
0,98081
2,233066
4,376204
2,789775
0,804476
0,931086
0,249973
0,265456
2,520545
0,69986
2,501407
0,822874
0,4852
2,61172
2,149946
2,167517
5,318882
0,643549
0,780451
5,895136
5,1098
0,83013
0,96613
0,198783
5,315339
2,477875
2,691371
5,813946
1,259529
2,632233
5,303626
2,390532
2,413524
5,485135
2,934367
5,2592086
2,208774
0,344275
4,933458
5,105354
4,224186
0,322027
5,325357
2,565634
4,755918
4,777210
2,2487188
5,671953
0,936425
3,149515
5,510805
0,758601
0,495784
2,2040645
5,19892
2,28002
0,69153
0,117064
5,665860
1,790820
1,1340026
5,243008
4,312890
0,131581
2,172167
0,277351
2,490860
5,502198
0,538677
0,664378
5,772745
2,852855
5,2398414
5,258000
5,2942900
2,81619
2,166785
5,376422
0,806542
2,888730
1,2130
2,568137
2,664770
2,859589
5,936190
2,2986022
2,119651
4,328014
2,359326
2,567325
5,798113
5,868616
2,165011
2,174822
2,540139
2,628467
0,760240
0,130036
5,749970
2,892771
2,938798
4,943827
2,2014409
0,763551
0,791483
0,831708
2,5441
0,185948
2,802302
0,848034
0,3595
0,19297
2,187581
2,201760
0,207644
4,2385504
5,52382
5,97384
5,130932
5,137580
2,276085
0,314113
0,766066
0,939567
5,161808
2,366681
0,368367
2,394806
2,594665
2,686577
2,774588
5,996127
2,162487
0,314600
2,333648
0,607283
2,18977
2,55128
2,141838
0,153519
2,514563
5,626463
2,936946
2,20278
0,81832
2,182360
2,5056
0,20403
5,75264
0,87113
4,129775
3,611877
5,678339
5,748222
2,786613
5,921710
1,945269
2,186185
2,409968
2,868174
2,1032082
0,61480
2,82013
5,91650
0,108826
2,158309
5,333464
0,848784
0,946137
4,149044
4,169578
4,366164
5,610880
2,838300
2,175992
2,396676
4,522377
0,816387
2,3185359
5,3462371
4,54982
1,68934
0,228714
1,327765
0,345734
5,768321
0,21744
2,107090
2,174557
2,402872
0,493327
5,812711
2,822913
0,934069
5,5882
0,6320
2,12472
2,35021
5,46814
2,52900
5,88180
2,317545
4,765595
2,766094
5,780258
2,789514
0,816900
2,829122
4,3226468
2,181376
4,187907
2,670226
2,38302
1,104714
0,159214
1,278644
5,340152
2,384675
0,617568
0,808214
1,961427
5,15318
2,243474
5,490952
0,577531
4,2739175
2,3085111
3,70534
0,103484
5,128143
0,208582
4,230478
0,334644
2,393345
2,639621
2,667169
1,748088
5,755156
2,1426593
5,1878899
1,44290
2,205180
2,548397
0,578141
0,793227
0,950571
2,66429
0,87985
0,96964
0,474482
2,489303
2,503460
4,567624
2,656541
2,664817
2,861252
0,868306
2,128495
0,142178
2,147635
4,191947
0,196248
2,545074
4,767016
4,20729
2,107466
2,198162
5,206407
1,253457
5,355616
2,373592
4,391933
0,536275
0,924232
2,932665
2,3144637
0,366407
5,762885
2,1072350
2,2659130
0,22928
2,81561
1,141681
2,164594
5,220403
1,226380
2,790988
5,809999
0,290072
5,290502
5,669511
2,884686
5,2124046
0,64509
2,73383
1,178654
0,186594
0,338887
4,341422
2,341672
2,516929
2,562304
0,577235
5,579839
0,745915
2,749571
5,784814
5,814387
5,86927
0,334740
5,492331
0,571845
1,583723
2,749671
4,1824831
2,3006966
5,18258
5,112462
5,145128
1,208404
2,240865
3,287860
2,320845
2,354733
5,489876
4,502371
4,597309
2,617844
2,672910
4,745584
2,846634
2,5307
4,134729
2,258947
0,279141
1,597266
4,627026
5,737886
1,68780
2,79960
0,112540
5,178799
5,383889
0,418981
0,578031
0,755152
5,806829
5,1545319
2,234325
2,295276
5,551762
0,656420
0,731975
0,792370
2,2570457
5,29808
1,69348
5,70800
2,82955
2,85776
2,138520
0,333634
2,335747
1,484396
4,487012
2,782768
5,787960
2,873085
2,894847
0,894956
4,923432
2,1059293
2,2873356
2,134600
2,260212
2,503242
5,537414
0,617613
5,662416
1,738855
2,769444
4,996096
2,2509942
4,3475903
2,52062
1,76057
4,122754
5,297702
0,330575
5,334216
2,418662
5,481057
0,500889
5,517607
4,555695
2,596451
0,793988
2,815090
4,865016
2,922200
0,251375
2,612716
0,642664
0,663645
0,790604
0,39637
2,91549
2,96379
0,102781
0,207127
2,246960
2,275757
0,282709
2,482334
1,493848
2,677781
5,747445
4,753742
0,792953
2,825883
2,885569
0,13384
2,254215
1,502199
0,845468
2,48566
0,118544
4,138833
5,139908
1,150530
2,169795
0,179205
0,237517
5,262794
4,263937
0,269172
0,315336
1,396372
2,420133
2,483334
2,597094
1,645612
1,684253
0,753963
5,798606
0,837592
0,838195
1,840000
4,944349
5,960690
5,1908947
4,2367865
2,13511
2,58549
2,80780
2,83095
4,317865
5,387720
0,503668
0,639397
2,1061166
2,3314964
0,116984
2,124492
5,135054
0,137494
4,213561
5,251595
0,336783
1,431669
2,508443
3,554963
5,625731
2,658346
0,172612
0,784732
2,836103
0,903609
4,944206
0,45057
5,50251
2,184091
1,186927
5,219655
1,286483
5,585574
2,606283
2,665957
0,927627
4,3426731
0,37794
4,61226
3,79959
4,210991
2,264350
5,359026
0,609396
0,789721
1,800100
4,867980
0,932299
5,1379627
0,16281
5,32401
2,45313
2,58372
1,81194
2,93632
2,108446
0,164093
2,175708
2,184811
0,191699
1,223054
0,246022
0,403454
0,424296
0,520975
0,528221
1,568368
2,575051
0,582313
5,589630
0,642542
1,765900
2,781350
2,859868
5,926237
2,935330
5,1596642
5,3276902
0,77732
2,339624
5,479149
2,821571
1,831381
4,845662
4,2775792
2,7731
0,31067
0,55304
5,162269
2,194018
2,194703
0,212612
0,221603
2,235169
5,257141
4,296024
0,401287
4,482787
0,515628
0,564239
0,591857
0,630882
2,674263
0,785283
2,809058
4,866491
5,923384
1,2596970
0,34249
0,218994
2,231013
2,352992
1,551815
2,575695
2,585249
4,608945
2,820115
2,2393596
1,36934
0,46925
0,74195
5,84814
5,105030
2,154998
4,194380
1,216294
2,263852
2,337404
5,347148
2,376608
2,475650
2,489676
5,577358
5,639053
5,752314
0,775323
2,865403
2,895443
1,937003
2,957085
1,1784311
2,2872922
3,143494
2,390477
4,548020
2,567153
1,790814
0,834108
5,923323
2,1055285
5,40743
0,43499
0,53739
2,62002
2,81739
0,131681
5,139089
5,158656
2,200074
2,203639
2,254827
2,471355
2,536754
0,577261
2,619388
5,659517
1,687933
5,741746
0,790732
1,798326
2,2365087
4,2984484
5,12180
0,120067
4,160848
1,201678
0,294923
4,378288
2,473554
2,691807
2,802791
2,3392996
2,13393
2,17748
0,24944
0,42993
2,64303
0,71336
2,80358
0,82831
5,84053
0,162930
5,221059
5,228323
2,392299
2,419102
5,477116
0,490549
5,495547
0,570825
0,608166
4,667622
2,766385
2,804431
5,926108
2,926548
0,987481
5,1043986
2,1590871
0,1950198
2,2854537
2,85038
4,101895
2,125506
2,186734
0,205254
0,320761
2,394449
1,489845
2,744969
2,781094
0,814606
2,887348
5,26367
2,94224
0,123754
0,138407
0,169202
2,174122
0,193216
0,197040
0,224638
1,243527
2,328352
2,359613
2,390390
5,422947
0,496405
1,505154
0,511029
5,527267
1,580300
5,593772
1,596922
2,603226
5,659299
5,758444
1,758999
2,771792
0,772526
0,785611
1,790227
0,796741
5,863102
4,933898
0,937703
5,1009342
2,40695
4,245250
2,283405
0,310383
2,756180
2,817369
4,945951
0,7448
4,7689
2,17021
5,105129
5,125561
1,150048
0,151431
4,164053
2,165663
2,179730
2,185591
1,204968
5,206465
0,253142
1,267354
5,343930
0,517074
5,725175
2,747506
1,781172
0,788568
0,825032
0,825208
2,835585
0,858375
5,870809
1,873886
2,962339
5,2674420
4,3415304
2,16835
1,51233
2,61044
1,133832
4,176358
4,498987
1,569119
2,736318
5,802382
0,828740
5,916783
2,1777836
5,20050
2,49374
5,96576
0,165818
4,167361
5,339577
5,377891
5,466759
5,628571
2,665908
5,787428
0,842351
5,891032
1,923497
1,951384
5,65590
5,100575
0,140176
2,153526
1,250435
5,480108
2,510885
2,643543
0,815575
1,30431
0,86312
2,214162
5,270667
4,299668
2,329232
2,382734
0,398259
0,501081
2,509524
2,536321
5,576718
0,588679
2,592161
4,605965
2,649950
0,769388
0,794846
2,801762
5,830538
2,1006765
2,2534053
1,6143
0,35338
0,80428
0,227776
2,459616
0,496097
4,662797
2,746302
5,746387
1,796872
2,866271
0,51736
0,65397
0,75171
0,117990
0,120370
1,184187
5,193963
4,215513
4,284939
0,297894
0,359966
2,468632
2,484145
5,485791
0,496525
5,502163
5,509156
0,523661
0,579458
2,627787
4,641994
2,745071
1,752773
2,769638
0,792530
0,794449
1,805785
2,886961
0,990366
2,2867436
2,3391937
4,81683
2,153590
2,201297
0,271113
0,334829
4,345168
1,670641
2,720741
5,819983
4,939187
5,8828
2,9441
0,37026
5,48811
1,66570
0,71508
2,71970
2,96679
2,109735
4,116178
3,120487
4,135152
4,165117
4,170381
2,176936
2,219483
5,222436
0,231645
2,258430
2,281254
1,397042
4,401114
2,471156
2,474150
5,475431
2,482572
2,543867
2,567862
5,568071
0,595101
5,617536
0,634674
4,651156
5,680476
2,681340
1,687487
2,695943
4,757157
2,796439
0,898336
0,933172
2,949259
0,958076
0,959770
0,962064
2,987491
2,2495841
2,59819
1,151240
1,179698
2,248452
4,253734
1,424292
1,491786
4,581713
0,687561
4,790667
2,852688
4,2527840
5,3271457
5,39013
1,65882
4,81403
1,81841
2,89058
2,99104
1,119111
2,128249
2,182598
0,196969
0,228087
5,240665
2,298764
1,299277
2,299882
5,301619
2,345355
2,370326
0,412715
5,418740
5,480549
0,516202
4,536122
5,570061
1,620495
4,624215
2,652255
2,749476
5,751910
2,758402
5,758453
4,788937
2,792733
2,803544
0,821590
5,891264
4,891911
2,923801
4,987777
2,998969
2,49062
1,334770
0,551465
4,591104
5,793225
1,868092
4,935739
4,951374
5,2825814
0,3180014
5,4451
2,29084
0,76881
1,101946
5,118189
0,148477
2,162233
0,182302
2,213921
5,277572
2,278559
0,314346
2,315403
4,337631
2,421122
4,490738
4,578999
2,582930
2,620056
1,638918
0,674662
4,681956
5,686359
2,753706
2,778344
2,797056
1,798992
2,805661
0,806507
4,807428
0,819344
2,842269
1,849672
5,860561
2,894962
5,922704
5,925837
0,1795396
0,2285572
4,2992951
2,9084
2,49026
4,194246
1,352164
1,359199
1,773615
1,808198
4,861687
5,2397840
5,2841398
4,3446629
4,19701
4,52093
0,74970
4,107249
0,128266
0,162820
2,179714
5,193231
3,230963
2,233228
2,254556
0,301955
0,337271
2,414889
2,449578
2,509356
0,517264
4,546214
4,567570
5,582419
2,626939
2,673933
2,674749
0,742166
0,746010
5,751613
4,765997
2,816517
1,829267
1,831236
2,879144
4,892775
1,928942
2,933883
1,943268
2,2577980
2,335
4,24309
4,81849
4,108554
2,233035
0,371879
5,601079
1,781932
5,811897
0,812046
0,893111
5,1028746
5,3380137
0,11754
2,16132
0,21292
1,21747
2,27221
0,28772
0,29867
3,38579
0,46184
4,52151
1,74952
2,118791
2,125822
0,127360
0,130173
0,133969
0,150629
5,152023
5,154417
2,160690
4,161920
0,170454
2,170815
2,175049
2,175459
2,183858
1,194036
1,213510
4,217344
2,230297
0,286561
0,293490
2,295545
2,296903
1,305541
2,343954
2,372322
0,386560
2,397412
1,404463
2,484880
5,485365
5,564333
2,610339
2,623254
0,636044
0,639789
2,673208
4,674161
0,680522
2,721409
5,799100
5,810912
5,814871
5,835648
5,866786
4,919812
4,924306
2,927373
0,927736
2,947752
5,2061191
2,2811293
2,2854547
2,3632715
1,29609
2,44751
2,75801
4,92107
1,110541
4,210830
2,238506
3,295415
5,312004
0,317108
1,360956
2,368112
2,401066
1,607202
2,644880
0,673360
1,747028
1,747984
2,762097
4,790509
2,942529
2,947816
4,949820
4,1459978
2,3067310
5,3158075
5,3606027
1,12644
1,45077
3,47421
2,48265
1,56913
0,57124
4,93565
5,96977
5,98944
5,105685
0,120953
0,130115
2,147082
5,151787
5,158540
2,171728
5,195874
5,201983
0,213165
2,222927
0,300749
0,308871
0,309458
0,347151
2,349157
1,405113
5,488378
2,492162
0,524239
2,574119
2,590483
5,604075
0,633079
0,662800
2,683750
4,746666
5,758943
1,762990
5,770007
1,776011
4,776093
5,781766
2,782163
2,817911
0,837150
0,837985
4,868063
4,1028077
2,2139934
4,3345212
4,49774
4,92942
2,94205
0,130855
2,156938
2,206241
5,257787
2,263271
4,325727
4,343215
5,376793
2,403784
0,674150
2,894831
5,1013375
5,1814388
5,2571333
2,10538
5,29600
0,31697
2,51992
5,97173
4,97509
5,106916
2,126048
2,129637
1,129778
4,131038
1,160198
0,170211
2,171726
2,187172
1,209773
2,217792
2,241813
2,253408
4,288111
5,307102
1,317417
4,325443
4,333447
4,495338
0,497132
5,503913
0,511773
5,563390
4,566918
5,592401
2,601430
4,625201
0,627250
2,633181
0,657041
4,664849
1,684920
4,743968
0,744265
1,756656
1,762177
5,787579
0,806877
0,809396
0,816701
4,827760
2,921002
2,945245
0,948061
5,988627
2,3361526
4,30928
0,53428
0,83554
1,98819
4,127063
2,137474
2,162265
1,175196
1,188432
0,304458
4,716469
2,751201
1,765435
0,805930
0,837215
5,956675
5,2717459
2,12491
1,18137
2,20812
2,62270
1,82639
4,96744
4,107139
0,122381
5,130037
1,136075
5,156043
0,171637
2,173647
2,185615
0,188342
5,189678
0,197364
2,211095
4,228099
2,240267
0,240311
4,242861
5,351227
2,387095
0,428717
0,485204
4,494474
2,504815
2,520583
0,564726
5,569600
0,582253
4,586798
2,588508
2,636474
1,661974
2,670734
1,754767
0,762731
2,770628
2,771905
2,772567
5,775406
4,780005
1,784527
2,784597
1,789055
4,790833
1,795341
0,820596
1,824866
5,847374
4,856451
0,898828
5,924508
5,925181
5,937098
5,1011101
2,1016154
2,1957634
5,2089077
2,2129441
5,2802154
5,3477547
4,3506278
4,109637
3,143559
0,147200
2,162197
4,163420
0,166505
5,175525
5,277764
4,300024
1,330601
1,330634
0,346637
2,404136
4,507558
1,507975
2,509367
2,522430
0,590285
1,674310
1,689367
5,746409
1,795288
0,801101
1,1177242
2,1498
0,2330
0,23982
4,26520
2,31380
5,36975
0,53441
2,61690
4,73682
0,74452
5,91438
1,97529
0,106987
2,109274
5,124881
1,129308
5,133883
3,142208
4,147294
0,172642
4,180449
0,184814
4,219021
5,225930
1,225948
1,228299
1,233862
2,244406
0,248798
0,252495
2,259800
3,273531
0,275335
0,282766
1,377060
5,404734
2,487534
2,492275
0,532957
5,543169
5,543595
0,607804
5,678650
5,681154
5,690718
2,692251
0,750456
5,750895
5,753004
0,753254
1,753868
2,762821
2,763237
0,778363
0,803009
2,806247
2,807869
0,808336
0,837946
2,838327
4,868628
5,895074
2,920994
2,945196
5,947563
4,954817
1,1352264
5,1944458
5,2290007
1,2895189
5,3420473
0,31022
2,48061
1,50034
0,61045
5,62412
4,101072
4,138063
2,148305
0,167399
5,175025
1,249175
0,260007
2,274637
0,285272
0,286115
0,329468
2,354722
4,468938
2,524050
4,533117
0,672269
4,674332
0,749504
1,768027
4,830425
4,869417
1,882950
5,1580437
5,2515882
5,2795282
4,2995948
5,441
5,1433
2,8570
3,13377
0,17929
5,19133
5,22875
3,32071
0,38100
2,39828
5,50581
1,58616
2,67631
2,82742
2,87179
4,90389
4,95613
2,110791
4,119058
5,134761
1,135391
0,135543
2,151988
1,156886
4,166033
0,193594
5,201668
1,212614
5,221445
1,223701
0,249444
0,251491
0,254972
4,258741
0,264499
0,266255
4,290969
2,312126
0,312140
0,362922
3,364861
1,462110
2,480830
0,493122
1,502269
5,510953
2,533503
2,567190
2,574102
5,580058
5,596126
3,615937
2,619536
0,626268
0,631579
0,646260
1,674600
1,674873
2,676313
0,685751
0,689965
2,756754
3,764636
2,768585
5,778906
5,792925
2,796281
2,799644
2,807028
0,828756
2,838524
0,851639
2,882431
0,887990
2,940246
5,950956
5,958087
2,2999777
2,21334
5,38321
0,39661
0,48816
2,85397
4,90011
0,91879
2,96142
0,99753
4,107753
1,118493
0,122795
2,133057
5,133719
1,139566
0,186390
3,196370
4,219428
2,275386
2,364399
1,398615
0,562615
1,607967
2,722133
0,754251
1,786126
0,788283
2,796045
2,799081
4,807361
4,842624
4,854866
2,860985
2,918290
4,924318
4,3105903
4,2750
0,16448
0,19241
1,19435
2,20984
0,23925
2,34094
4,36327
1,41431
0,46460
2,55010
2,66395
3,67561
2,67900
2,89710
4,95176
4,99730
5,105638
3,121590
5,129551
2,138235
2,139655
5,140689
0,149973
2,151549
5,152384
4,153103
1,165162
2,167762
5,180263
4,183311
0,196690
0,200882
4,217622
2,221844
0,235881
1,255210
4,255887
0,300659
2,302685
5,308645
2,341652
2,348884
0,353145
4,388167
5,391586
0,399659
0,399733
5,423267
5,423305
2,451398
1,456896
5,482677
1,487186
5,492466
5,494038
0,500664
2,506513
5,545726
5,562850
2,567822
4,574597
4,599777
1,610730
4,611929
0,624504
1,634377
2,636841
4,660507
5,664272
3,668448
4,669303
4,673752
1,678408
0,686560
5,749734
5,755494
2,757070
2,758520
5,758630
0,774909
2,779209
0,781680
4,788508
5,789064
2,791480
5,793022
0,797147
2,804559
5,809266
0,811598
5,812388
0,824599
2,825087
2,825924
2,834292
2,839369
2,847703
1,855780
0,864257
5,884449
0,898275
5,919525
4,946563
5,957340
3,1000302
4,1476233
5,2372262
5,2508103
4,2517403
5,3323342
5,21670
2,33560
5,46381
5,76561
1,81796
4,84446
4,88035
1,139804
0,175087
4,228444
1,258090
1,333539
0,355451
0,376150
0,408500
1,463527
4,479548
1,572737
0,696015
1,745316
2,788569
0,803720
2,859026
2,885875
4,1029659
3,1036613
4,1740826
4,2113374
5,2782403
1,2411
5,10412
2,11052
2,11156
5,12972
3,20319
0,22348
4,25778
2,27136
0,29334
4,29604
1,30925
4,34382
3,43572
5,45560
5,51376
4,58438
0,59655
1,66800
0,67406
0,67528
2,75308
0,75825
5,81493
2,97065
0,99198
0,99561
4,104147
2,108249
5,120060
1,130425
5,147785
5,151979
5,161351
5,164686
0,165855
1,169189
1,170330
5,177117
2,185669
5,186805
2,202545
1,205959
0,210512
2,214593
3,238495
5,242211
1,242966
2,251361
4,255268
2,255733
5,256951
4,267814
2,268871
3,286439
0,295933
2,304401
4,305501
1,308762
1,311674
4,312062
2,334041
2,339490
1,343940
0,344729
2,352999
5,355412
1,359062
0,369389
2,382565
2,393257
4,399437
1,400717
0,403120
2,404345
2,405903
2,453908
5,475334
0,475362
4,478426
2,481461
2,490763
5,490852
1,503279
2,515600
5,531653
5,575522
4,591459
2,600435
5,607094
5,618589
2,619460
5,621101
4,622604
0,633078
5,639056
2,648407
2,651187
2,655547
2,685031
4,733717
5,739041
2,741380
4,750970
5,751623
2,755570
2,758661
2,769109
4,773392
0,775904
4,784766
4,785357
0,803757
5,813731
0,814312
0,814898
0,815236
2,816844
0,823012
4,825168
2,827250
5,862343
0,866841
2,867978
1,887638
2,889449
2,896216
4,898479
5,918600
2,919603
5,920073
4,926428
0,940831
5,943936
2,944700
5,947322
5,977198
4,1011504
3,1232396
4,1583976
5,2031918
0,2135629
4,2138857
4,2435745
2,2528416
5,2702854
5,3145706
2,3523590
0,46794
1,91312
2,108679
1,170214
4,188697
4,190021
4,195634
2,221894
5,227697
0,297849
0,354158
0,368451
2,370703
1,416785
4,546738
2,558954
0,577720
4,580485
1,600228
4,607773
2,648106
4,649435
0,781732
4,785101
0,816896
2,836376
1,961688
4,996075
2,1502854
5,1528100
4,2036252
4,2061247
5,3393991
0,3170
2,7031
4,12128
2,15158
2,15856
4,19740
0,35697
5,40922
4,41420
2,41462
2,44068
0,47789
2,49367
1,53606
1,59537
5,60012
5,64149
0,66228
0,72205
0,72716
0,73644
2,77175
0,77662
0,81083
0,81919
5,89873
4,93322
3,93533
5,98467
2,99246
4,101575
2,105422
0,105618
3,106298
2,118664
4,129817
0,132449
5,136124
4,139741
5,149102
2,156484
5,160638
5,167320
2,169818
1,171015
5,174752
0,188981
2,191070
0,198901
5,215296
0,216586
4,231342
5,232598
4,238686
0,240503
0,269972
5,286866
3,287917
0,294085
2,303050
0,307875
5,312354
2,314505
2,315104
5,331323
0,337856
2,342004
5,355208
4,359559
0,378041
4,391177
5,420504
4,468911
5,476425
4,476599
2,476645
5,489999
4,491565
4,492037
5,496487
2,498961
2,501860
2,508391
0,521704
2,559785
2,561105
5,572327
0,573870
5,574143
5,583618
2,585896
5,586319
2,611102
2,618713
2,627337
2,636433
4,660155
5,666073
0,677241
2,679889
0,688400
2,688804
4,697391
5,743709
5,749335
5,750131
1,751604
0,767370
4,777366
2,786360
4,787940
4,790224
0,794401
2,795053
5,795054
5,798587
0,804706
2,821675
0,832341
2,835894
4,842611
4,844255
4,847756
5,857621
2,868086
0,884962
5,888484
2,890683
5,898188
2,918682
5,924780
5,926307
1,931869
2,956973
2,992751
2,1019495
5,1393036
2,1599476
2,2035658
2,2128228
5,2397826
4,2507287
5,2598627
5,2732005
2,3178979
5,3451786
5,3462822
5,3661296
1,90803
1,102399
4,122219
4,128873
0,139933
1,151290
1,151666
0,167220
0,190632
5,287407
0,295285
4,299840
0,326096
2,359179
4,365821
5,385797
2,464348
0,573410
0,589209
4,724598
5,726201
2,729857
1,741525
5,776371
1,796166
4,866417
1,870589
4,891907
0,933781
5,2118074
4,3065088
2,14822
1,21578
5,31556
0,32193
4,34899
3,47246
2,59949
2,62860
0,65620
5,72941
0,74134
2,79392
2,80118
2,97203
2,97654
2,98361
5,102964
4,104314
2,109542
2,115140
2,118289
5,118979
2,121236
4,125940
0,126144
2,127451
1,129430
2,130764
5,138332
2,144767
0,146796
2,152228
0,154765
2,159791
0,168256
2,175775
5,176360
4,177957
5,178122
4,178889
1,183867
1,188261
0,196544
2,196976
5,205838
0,208997
2,212131
0,213212
1,213590
1,219243
2,222387
5,222974
5,223861
2,230244
5,230845
1,238440
2,240999
1,241650
2,246628
2,255576
4,256974
0,261866
2,266151
0,270770
1,275832
4,289629
0,302823
2,305468
0,309068
5,312353
4,324854
1,341137
2,350139
2,358820
4,367272
0,371530
0,387352
1,387815
2,388773
5,390185
2,390743
4,392553
2,395187
0,403184
4,412710
1,419197
2,469519
0,477001
4,478246
2,479772
5,482600
0,492663
4,498691
3,500612
0,502398
0,505532
0,532487
4,532610
2,533551
5,540742
0,542976
2,546735
5,548180
1,558339
5,566113
0,581859
0,582024
5,592595
2,595768
2,597736
2,600264
0,628981
2,633080
2,634463
2,667584
2,669194
2,672011
2,727318
1,745617
4,751592
1,753685
0,753985
2,755496
4,756291
5,759491
0,760417
0,763341
4,764181
1,767741
0,769876
2,778959
4,788582
2,792852
4,793664
4,796736
0,800475
1,803162
0,808626
2,822910
2,824895
4,836394
5,839432
0,852997
3,899198
2,925066
2,928351
0,930722
0,941579
2,954189
2,956268
2,958117
2,986573
2,993302
5,1630569
2,2580989
2,2595668
5,2877943
5,3172484
4,3236942
2,3567510
4,35076
2,75591
4,87697
0,89306
4,90124
2,100116
1,168246
0,191429
2,194063
2,195237
2,200775
0,212129
5,234647
2,258882
5,268161
5,289685
4,302106
0,324819
0,333643
0,362437
0,380259
4,538840
2,651972
4,655346
4,668922
4,747200
4,759668
2,762663
0,762724
0,768367
2,785500
2,791308
1,828507
2,915816
5,927650
1,934305
4,955009
2,2133637
4,2373828
2,2424073
2,1113
0,6563
5,8125
0,12654
2,13508
4,16227
3,16925
4,18896
5,22369
2,25462
5,26825
0,27916
2,29067
4,33995
0,36849
0,37787
4,37865
2,41283
0,41702
5,45475
4,45972
2,46727
4,46784
2,47033
0,48622
0,48757
0,48908
2,53204
4,53221
5,74520
2,77578
2,78802
1,81231
2,82149
0,85410
4,85448
2,94658
2,94792
2,100496
1,104388
4,104548
1,106514
4,108124
5,110341
2,112185
1,123904
5,124825
4,127696
4,140816
4,141893
2,143951
1,147245
0,150062
5,151504
0,152973
0,160428
0,160742
4,161436
2,165652
1,166658
4,169099
4,169124
5,172582
0,179126
1,185440
1,189848
5,191063
2,197532
1,203592
5,215058
2,227088
1,228058
5,239655
2,242511
5,244608
1,245489
2,246032
5,248920
2,254083
2,255347
0,266916
2,268700
5,272563
2,288904
0,290040
4,293969
0,296815
5,305363
5,321944
0,325401
4,330453
4,333573
1,337015
4,343455
5,364537
2,369270
4,380651
5,387530
0,393789
3,405142
2,405732
0,407986
0,409670
4,413853
1,453041
1,459027
5,460553
4,466442
2,467444
0,477523
0,477954
0,485991
0,486775
2,491220
5,501537
4,513813
5,521851
5,540867
2,541125
1,545534
5,546976
4,557191
2,567769
0,572106
4,573391
2,574033
2,575012
0,576839
4,600720
0,603980
5,610346
1,623985
2,624190
2,625203
2,625278
1,635760
0,638603
1,641450
1,645956
2,651107
2,659277
1,665944
5,667657
2,675710
2,675976
5,676818
4,697350
5,701790
5,732652
5,745568
2,746068
2,747757
5,753056
1,753422
2,755519
0,757177
0,759031
1,760154
5,760214
0,768149
1,770629
0,771010
5,771388
5,771419
4,774227
0,774791
2,780581
5,780625
2,782297
0,791120
5,791734
2,792839
4,799466
4,829125
4,840215
4,840708
0,849246
2,855952
0,861757
2,862761
1,887619
5,892823
5,913130
5,919239
5,920101
2,934721
5,936095
0,939565
0,944643
5,944933
4,946560
2,950441
0,1213943
5,2043528
5,2397780
5,2478029
5,2641312
5,3007613
5,3210853
5,3391646
4,3539434
0,11028
2,19953
1,34617
5,77963
0,82584
5,86826
4,101795
0,102176
1,105329
0,112017
2,133119
5,159433
2,165345
2,185617
2,189641
5,193305
1,221684
4,226556
5,253914
1,256575
4,276381
4,402249
1,424117
2,553483
2,749175
2,750146
0,758194
2,762288
5,773407
2,784010
4,785380
2,812101
1,822777
0,888942
4,942335
5,1449541
2,2786685
2,2831504
5,3455720
2,1097
2,1306
4,3426
0,8245
5,9437
4,12877
0,13387
0,14959
2,17387
4,18513
0,25475
5,26164
2,26193
1,31158
0,31606
4,33580
0,37197
5,37931
5,40225
4,40230
2,48507
1,55939
0,57209
0,57840
0,59699
0,61479
0,65094
2,68896
2,72999
4,75394
3,78191
0,78886
2,80649
2,83194
2,86250
2,87597
2,89713
0,91852
5,93849
0,97395
2,100473
5,101701
5,103447
0,104741
4,106145
4,111969
4,116425
2,123007
0,127766
2,128290
2,135059
0,135494
2,137084
0,137401
2,143367
5,145086
2,146755
5,158018
4,159340
1,167296
0,172350
5,177336
3,178536
4,181719
0,184208
2,191175
1,191680
4,199090
3,199369
0,200777
5,201716
3,203804
2,209517
3,211197
2,216846
5,222351
4,225754
4,231397
2,237773
4,238968
2,240081
2,243012
0,245760
5,246169
0,249303
2,252184
2,261106
5,266129
0,271029
2,279097
2,280897
5,282800
1,286662
2,287249
0,292915
4,295274
5,299429
0,300534
5,310905
2,330967
4,331473
1,335302
0,339905
1,345426
0,345708
0,347886
2,352294
0,359494
5,361541
2,375945
5,381371
2,383853
5,391151
0,391398
4,407101
3,408531
4,414291
4,414745
2,418955
5,448144
1,451296
5,465562
1,481354
2,485525
2,489209
1,489520
2,490805
2,494016
5,495455
5,498484
0,502351
2,504276
4,511041
2,515790
1,519715
5,520215
4,540010
4,551115
2,563834
4,565521
2,573100
2,588887
0,588918
5,589767
4,589802
1,594765
4,603590
2,614823
2,614933
5,615247
4,616296
3,616664
0,620578
2,622379
0,623518
4,624107
2,631078
2,636106
0,638960
3,639005
2,647670
5,647796
0,660246
2,667020
0,670088
4,674262
4,680374
0,681171
4,683795
2,687081
5,743966
5,746731
0,749273
0,754219
0,761706
5,768737
5,773383
0,778568
0,784760
2,785773
0,785817
2,789340
1,791318
4,793845
1,796950
0,798248
4,798477
0,800426
2,803115
0,803533
1,807949
0,814852
0,815537
2,821544
2,823165
1,824879
2,829643
2,837886
1,838559
5,840348
2,843995
0,847735
4,849405
4,852656
1,854203
5,855232
2,855655
4,860996
1,887513
4,887718
5,890724
0,894664
2,897382
3,898946
5,920165
1,926604
1,930204
4,930642
2,932858
0,933568
0,937150
2,940583
4,944105
5,958768
0,960874
2,987922
4,1471849
2,1714462
5,2105633
5,2136598
5,2365018
5,2376287
5,2744416
4,2825107
5,2855520
2,3211361
2,3214680
0,3268224
5,3366296
1,3413218
4,14658
1,15694
4,17877
0,17937
4,25899
2,31263
4,38805
3,43520
4,57280
0,78242
4,78758
4,90188
0,94861
0,104217
4,115544
4,115554
0,154533
4,154548
2,178750
3,192840
5,232869
1,255770
4,290464
1,327130
0,423095
0,501436
5,570155
2,664883
5,671204
1,696668
1,775212
1,809357
5,818702
0,827224
0,857203
2,937628
2,953102
4,1035160
5,1055021
4,1902858
4,1984584
2,2003453
5,2690165
5,3228134
2,3829
5,6310
2,7974
5,9787
1,14757
0,16235
1,18862
4,20740
2,28015
1,28432
2,32433
5,33481
0,34402
5,34988
1,37288
5,40124
1,42589
0,58361
0,58386
0,69520
2,69761
4,76658
5,77264
1,81017
1,89305
0,94126
4,96804
2,97491
4,101164
0,103162
5,103324
5,104455
1,107227
2,107556
0,109367
1,113480
2,119469
2,126862
5,130028
0,130402
0,132579
2,132856
2,135024
2,137430
5,138335
0,140553
0,140963
5,141256
5,146490
4,147316
5,154530
2,155091
4,162943
0,169088
2,171889
2,174007
5,174198
4,175538
0,176859
2,178014
4,178645
2,185018
1,185999
5,187162
4,188206
5,188467
4,189229
2,190843
2,192925
5,194008
2,195305
2,195373
0,197582
2,199917
0,203765
2,206668
2,211146
4,222748
0,223627
4,224294
2,227708
2,233136
0,240403
4,241004
2,245534
1,245992
1,247065
2,249528
4,253657
4,267435
1,273628
0,275130
3,283335
5,284207
2,286572
2,288154
4,288830
2,290590
2,296802
2,300583
1,306446
5,308742
2,316340
5,319021
4,328201
2,329542
2,332257
0,332852
0,333181
5,344037
1,345427
2,346806
2,355555
5,358528
3,380235
5,382630
3,386253
0,387219
5,391003
0,402351
1,406583
4,407331
4,411830
4,422891
2,454240
5,461391
2,461698
5,476282
4,476414
2,477793
5,483848
2,484607
5,487038
2,488859
5,489435
4,495702
0,501692
2,502774
0,527379
2,528895
0,541760
0,543055
1,546205
5,546926
5,553810
2,562105
0,568861
5,571258
4,576072
1,590441
0,597875
5,597965
0,607105
5,611104
2,614830
2,619423
0,624282
5,626774
5,650362
2,652178
4,652192
1,660053
0,662642
1,665945
0,667556
5,671244
1,677991
2,679749
1,684612
5,688515
5,690456
1,694325
2,724720
5,741177
5,745241
2,746128
5,748904
4,749222
0,753237
5,753833
1,753852
0,756959
0,757251
1,757665
0,759224
0,761478
5,762500
0,764890
2,765302
2,766078
2,766361
0,769523
4,771838
0,772191
4,773063
0,773666
4,776659
2,778655
1,779599
1,779670
5,789065
0,792175
1,797670
4,798792
2,804289
5,805225
0,807068
0,807121
2,808304
5,808944
5,812239
5,813463
1,814036
2,820232
4,824406
4,838875
5,843259
2,847305
4,852970
0,854854
0,858006
5,860080
2,863733
0,868456
2,869409
2,874289
1,883619
0,885216
5,894333
4,896965
0,897322
2,899223
5,921359
5,921598
4,921888
2,923618
2,923745
2,929659
2,932328
2,933633
2,935990
2,936009
2,938487
5,939871
2,948333
5,949780
1,952786
1,955544
2,984877
1,988386
2,988448
4,996141
2,997588
2,1003087
1,1098849
2,1280807
2,1593570
5,1772438
5,2048033
4,2406958
5,2444397
1,2518402
5,2684665
4,2759830
0,2814183
2,2993710
5,3018423
4,3065843
2,3068662
2,3101434
5,3145435
4,3306945
5,3397785
5,3416819
2,3469567
4,3511314
1,6232
5,6860
2,20971
2,22257
0,30664
2,48587
4,75295
5,81079
4,84777
1,101953
4,116465
1,118243
3,127949
2,133177
5,146354
5,155170
1,157377
1,162794
4,163213
0,171693
2,181124
4,182884
3,184677
4,190888
1,192260
0,218709
1,226908
0,230886
2,243812
4,248916
4,256528
1,322642
4,334101
0,344332
2,353211
0,377908
1,394325
4,476541
1,487535
5,495861
4,500298
4,572579
4,573978
5,584257
4,604090
2,609590
0,636382
4,659118
5,675728
4,717419
1,738182
2,741671
4,776406
2,791283
2,803242
2,812476
0,828768
2,833539
2,834466
1,846092
0,885298
2,928160
4,961133
4,1038956
2,1405469
4,2518003
4,3370668
5,3637248
0,1190
5,3226
1,4458
4,6568
1,6613
5,7729
4,8549
5,9970
5,12595
4,13583
3,14329
2,15405
0,16186
1,16759
2,18828
5,21009
0,22574
1,23147
4,23202
1,24329
5,25047
2,26952
0,28918
5,29365
4,29791
0,29909
5,31274
2,31324
2,31765
2,32807
2,32971
2,34172
2,39258
3,43444
5,44906
5,44998
2,45941
2,46120
1,46527
0,48168
4,48903
5,50493
5,50588
0,52736
4,55166
4,57151
5,58035
2,58360
0,58947
0,60306
2,60476
5,61534
0,64199
4,67529
2,72109
0,73914
5,78741
2,79044
5,80340
1,82037
4,84886
2,86828
4,88587
2,89018
4,90169
3,100197
1,101776
0,107877
4,108283
2,113823
4,118798
1,119629
3,120163
2,120411
1,121584
4,121746
4,121778
0,122023
2,122252
2,123915
4,125528
4,128244
2,131603
5,133420
1,133988
4,135032
1,135378
5,137904
2,141683
2,142249
4,145443
0,147306
5,151769
2,152002
2,153915
0,158717
5,160054
4,163435
4,163977
0,164189
0,164750
4,165068
1,166383
5,167287
2,168958
4,169228
0,171220
0,172772
4,176332
1,177588
0,178135
4,178301
0,179764
0,183139
4,187413
5,194578
4,198426
2,199229
0,200968
1,202187
5,203710
2,203711
5,209019
0,212006
2,212810
1,214580
2,215041
0,215997
1,216212
2,217641
0,220312
2,222601
5,223197
3,228266
1,228371
5,233147
4,233300
2,251604
1,252026
2,252513
0,253296
0,253397
5,254411
5,255371
1,255377
0,257160
5,264617
0,265440
0,270060
1,276917
1,277977
3,278575
5,279395
2,290414
1,290775
0,296487
5,300035
4,306851
2,310533
4,314372
1,314923
5,317571
3,319956
2,321321
4,322765
2,323641
4,328824
1,331666
1,332536
0,334054
2,335937
2,338287
4,340364
5,342691
4,347451
1,350892
4,355052
1,357057
0,359016
2,363100
5,367459
5,372986
2,374126
2,376739
2,380704
5,380737
2,383056
5,385879
2,389213
4,397876
2,398909
2,399361
0,407300
4,409337
2,412393
5,421315
4,426564
0,443997
0,451183
3,461737
0,469286
5,473652
5,475932
0,479582
2,483563
2,486395
5,486645
0,490769
1,491174
4,494746
5,497277
2,497760
5,498241
5,509223
1,519954
5,520033
4,524522
1,536035
5,557905
1,558596
5,566448
5,566988
2,569402
2,572105
1,574035
4,574483
4,577701
2,579823
4,585210
1,585874
1,587608
5,588450
4,588943
1,593930
0,604924
4,614455
5,615489
3,616979
5,617980
2,630845
5,631535
4,633358
4,638632
4,639748
5,643755
1,646353
4,647246
5,654543
4,655273
2,663424
4,663455
1,665824
0,669057
0,670997
0,672411
4,674011
0,683065
5,683085
3,746407
4,747243
2,748421
5,749132
2,749743
1,750519
3,750925
5,753617
2,754055
2,754587
4,755792
4,758920
4,759187
2,760389
0,763301
2,763554
0,763831
0,765722
1,766533
4,766557
4,767068
4,767095
4,771297
4,775377
2,775446
2,778925
5,787702
4,788673
4,790078
5,791294
4,791609
0,794173
0,794419
2,797431
0,803513
1,804338
4,805208
2,805493
2,806168
0,806991
5,808003
0,813092
4,813910
2,815837
2,819946
2,825387
4,829717
2,830028
4,830319
3,831215
2,831448
4,831733
4,836312
5,838272
1,842379
5,844043
1,845443
4,848952
1,853926
0,855405
5,859509
2,862855
2,866769
1,883345
2,884251
5,885375
5,887806
5,913210
2,919282
5,919717
0,919853
2,920117
4,920939
4,923063
1,923705
1,925852
4,926021
1,926115
5,931105
2,932922
2,937397
5,938638
2,945900
5,946940
2,948171
1,949619
5,950805
0,954646
2,954964
0,959490
2,960674
4,978359
4,990368
2,997568
5,1039555
0,1061504
4,1194716
2,1292549
1,1431398
2,1456229
0,1506991
4,1743501
2,1781875
5,1836313
2,1968188
4,1988927
5,2010336
5,2055729
2,2059306
5,2064609
1,2368302
5,2377304
2,2393563
2,2455573
2,2468217
2,2593754
2,2701931
0,2800003
2,2939023
5,2940524
2,2960510
2,2995915
5,3064351
4,3161008
5,3190264
2,3206766
2,3288126
4,3407597
5,3427505
5,3449693
0,6855
4,11970
0,14724
3,44703
0,51740
0,66276
4,75329
4,110945
0,115733
5,117356
5,126168
1,142652
2,165830
3,166025
0,170758
2,179335
0,179379
2,190235
2,191983
3,197757
3,225690
4,244048
0,244711
1,247545
4,253232
4,261309
1,273105
0,285693
4,303422
2,313899
4,314050
1,320442
4,320470
0,329313
1,347639
1,385766
2,391519
5,392925
4,476744
4,487614
1,504169
1,530569
2,578028
0,578744
1,587631
2,609966
5,633313
0,637150
2,650525
1,651796
0,662149
4,664618
2,667738
1,680065
5,721416
4,753598
1,763670
1,776301
1,783025
4,793821
1,809334
2,814530
0,819894
3,848572
5,870646
1,921289
3,922811
1,951443
1,955647
2,963992
5,999790
4,1062118
2,2080238
4,2517606
4,3044549
4,3242655
0,2578
5,2867
3,3669
4,4553
5,4955
0,5980
5,7305
5,9218
5,10982
2,11506
1,11910
1,13101
2,14073
2,16438
4,16944
5,19029
2,20028
0,20760
0,20862
1,22981
0,23411
5,24113
2,25857
1,25965
2,26023
5,26432
4,28619
1,28692
0,31971
0,33316
2,35864
5,36468
1,36987
2,38061
2,39406
1,40501
5,40648
1,41899
1,42234
5,44663
0,47134
0,48123
1,49163
4,49180
0,49806
2,50520
2,53916
0,57188
2,57577
0,57923
2,58934
0,60679
0,64145
3,65093
5,66514
5,69060
1,69805
0,73553
0,73969
0,74340
1,77306
5,77536
0,77560
4,78532
2,79925
5,80149
0,80537
2,80609
5,80720
0,83106
2,84258
0,85445
1,86750
5,87741
5,87922
5,89021
0,90079
2,90174
4,91122
5,93566
1,93859
4,96701
0,97182
0,98189
1,100426
0,100627
0,100854
0,101628
2,103460
4,105462
5,106882
2,109421
4,110011
4,110104
2,110792
0,111794
4,113721
2,117001
3,117490
0,118503
1,118853
4,120412
0,120615
3,121157
2,121318
1,125465
5,125569
2,125829
2,127301
1,128141
0,128231
2,128585
0,129547
0,129591
0,129761
2,134051
5,138071
4,139475
5,142050
2,143749
2,144538
0,146088
4,147771
2,148004
5,149840
2,152312
2,154297
4,154822
2,155801
5,156950
1,158849
1,158888
5,163059
5,164504
4,165076
2,165077
2,166291
2,168126
2,168993
3,169480
0,169536
5,171994
0,172770
1,173007
5,175530
2,176148
4,177454
1,179636
1,180023
0,180503
2,181321
4,181817
5,183777
2,184199
1,185155
5,185383
0,186125
2,188190
1,188202
4,193444
5,197921
0,198532
0,198922
1,199194
0,202084
4,202344
4,203695
2,204708
2,204847
2,206167
0,206658
3,210143
4,210323
5,210425
1,211424
1,211483
0,211570
0,217963
2,218473
2,219287
0,220946
5,221426
5,222153
4,222959
2,224345
0,224925
4,228180
4,229157
2,230111
0,230784
2,232701
0,234192
2,234374
2,237668
2,239638
4,240923
2,242473
2,242949
2,243238
0,243777
1,245019
5,247699
0,249420
1,250976
5,251206
4,252509
2,253076
0,256482
5,257364
1,258514
4,259240
4,260384
1,261332
4,264430
0,269390
0,274520
3,274822
1,276592
2,276626
5,279308
5,280956
5,281225
0,282731
0,282752
1,282912
0,283538
2,284546
1,286092
5,287350
4,291235
1,293391
0,294197
2,294511
0,296402
4,297569
5,297955
2,299776
2,300013
0,300578
5,301404
3,301919
5,302026
4,302955
0,303651
4,305335
5,307025
0,307913
1,308625
0,309328
5,312657
1,313521
3,314155
2,319846
0,319945
4,321126
5,323194
5,324646
5,331400
4,333903
4,343396
5,345227
5,346684
5,349180
4,352171
4,354609
0,354883
2,358532
2,360948
4,363307
4,365542
5,367231
2,369183
2,371258
3,372201
1,375101
4,377035
0,377581
4,382671
5,385180
4,385393
5,387097
2,389378
0,391285
2,393031
5,398020
2,398653
5,401166
5,406657
1,407942
2,408696
2,409756
2,411745
2,414506
1,425105
2,428329
4,450883
0,450991
2,457692
0,457807
1,467853
0,475209
4,475511
5,478173
4,479204
5,479350
4,480099
2,480956
5,480984
2,483587
2,483716
0,486305
0,487271
1,488921
1,489207
1,502854
4,503247
4,503602
4,511257
4,518252
2,518313
1,524581
2,527024
5,529050
4,533042
2,544965
2,551872
5,554804
2,556199
0,556242
0,562030
2,562663
4,566984
0,569914
2,572499
2,572508
3,572578
2,575335
2,579037
5,582463
5,583478
1,583935
5,585189
5,586843
0,588112
0,590265
2,594113
5,594309
2,595969
5,597239
2,597314
4,606043
5,607053
2,621423
5,621944
1,621959
0,625736
5,631275
2,632986
1,633044
2,635930
2,636394
5,636511
0,641626
5,641709
3,645474
2,647156
4,651848
2,656021
4,657062
4,662545
0,664194
5,664346
5,666244
5,666623
2,666763
0,668302
0,669015
4,670273
5,671452
0,672918
1,673082
4,673114
1,674937
1,675495
4,678098
5,678769
2,679219
4,683658
5,691616
5,711954
5,717234
2,726942
5,739975
4,740569
5,741127
5,741731
1,743760
1,745318
2,746470
4,746915
0,750203
2,752770
5,752812
0,753094
5,754879
5,755030
4,757093
1,757335
2,759454
1,759998
5,760658
2,760977
4,762652
0,762921
2,763601
2,763747
0,768231
1,768241
5,769486
0,769616
0,770853
4,771470
4,772721
0,773147
2,774983
2,775254
4,775494
5,775588
5,776408
0,776562
2,776576
0,778656
0,779146
2,780948
0,782631
2,783250
0,784056
5,784535
1,789560
4,789754
4,792348
1,792583
2,793425
4,793456
5,794257
4,795841
2,795905
1,796914
5,798751
1,799348
0,800492
4,800695
2,801573
2,802745
2,803026
4,803469
2,804635
5,805332
1,807294
0,807489
2,808388
0,811392
1,811395
4,812040
0,812480
2,812877
1,818576
0,820999
4,823762
0,825793
2,828349
4,830063
5,837486
2,837526
5,840523
4,841870
1,845196
0,845625
1,847880
5,850693
1,852405
0,852842
0,855356
5,855836
2,858788
2,861600
0,862902
0,865440
5,866215
5,867307
1,869708
1,884269
3,886261
5,888262
0,888394
4,890799
4,891575
0,893719
3,894827
0,894930
5,895365
2,896600
2,896817
5,897035
0,898331
0,903009
4,911622
2,915835
2,918111
2,918400
5,919418
0,919928
1,921306
1,921384
1,922911
5,923332
4,926085
1,929776
4,931015
5,933621
1,933927
4,935413
2,935456
5,936195
2,938878
4,942252
2,944293
4,945711
2,948080
0,951375
5,952834
5,958444
4,958839
3,959775
1,987643
4,988307
5,988529
4,988655
5,990384
2,992857
5,996795
5,1000177
5,1002017
5,1011315
2,1013109
5,1211412
4,1273359
2,1536402
2,1573712
0,1585751
1,1608941
5,1811373
0,1839912
4,1971972
2,2006721
1,2016362
4,2034242
2,2043318
2,2060288
4,2110284
2,2120504
2,2395521
5,2397707
2,2546653
3,2640328
2,2742344
4,2877945
2,2996996
4,3061665
2,3102954
5,3117973
2,3145761
5,3145947
4,3178543
2,3188027
4,3278115
2,3313123
5,3413511
4,3416601
2,3474579
2,3480388
5,3486253
2,3535210
1,3413
4,14263
4,20919
1,31441
2,36312
4,40294
1,45745
0,57488
3,65862
4,70704
2,78467
3,97325
2,122037
2,124248
2,132095
1,149173
1,153503
1,155563
0,163198
3,163577
4,171854
4,172041
2,189701
0,196200
2,203764
2,205442
1,206538
0,211435
2,212200
2,230667
0,245039
1,253861
4,256831
4,288350
2,292559
3,293897
0,317129
3,330061
5,355998
4,361973
2,395819
0,476356
2,485118
4,497236
5,566138
4,570046
1,585092
3,593129
0,595559
3,617336
2,683921
3,742980
2,746707
0,753104
1,765585
1,767816
5,780955
4,784811
0,786080
3,792051
4,806601
4,826660
1,842492
3,845775
4,948557
5,954322
4,961152
5,1002468
2,1084430
1,1528006
4,2401289
1,2437431
5,2540309
5,3256615
4,3319054
4,3376900
5,3379291
3,3659356
5,74
2,589
1,1163
1,1266
1,1589
4,1611
2,2252
3,2273
2,3015
0,3056
4,3627
2,4358
2,5366
5,7230
2,8591
2,9490
1,11041
2,11046
2,11210
0,11242
2,11608
4,11620
2,11664
3,12570
1,12671
0,12802
1,13755
2,14201
3,14699
4,14931
0,16361
1,16574
1,17060
0,17882
2,18691
5,19392
5,19831
5,21008
1,22020
4,22602
0,23290
5,24139
2,24152
0,24568
5,25142
4,25236
2,25394
5,26161
5,26510
2,26637
2,27102
4,28166
0,28316
5,28863
2,29978
4,31442
4,31617
4,31823
4,31969
1,32045
4,32301
0,32333
2,32366
3,32409
2,32836
4,34867
2,34880
2,35464
5,35587
2,36310
0,36402
2,36537
1,36645
1,37658
0,38291
5,38977
5,39342
2,41976
5,43348
5,44776
4,44994
4,45287
3,45379
3,46345
2,46626
1,47401
2,48126
4,48806
2,49797
2,50967
2,51230
0,51603
5,55778
4,56193
2,57205
1,57497
3,57636
1,59503
5,59758
2,59989
5,61041
2,61582
1,61637
3,61792
5,62455
0,62609
0,62729
3,63340
4,64817
0,64954
2,65040
5,66869
5,67539
0,68155
1,68738
0,68898
0,70027
2,70586
4,71166
4,71373
4,72861
4,72998
2,73421
5,73444
2,73605
1,74776
5,74853
3,74857
5,75665
0,77698
5,77952
1,78137
4,80443
2,80494
2,80657
1,81836
4,82993
0,83859
5,85271
5,85806
2,86822
4,89071
0,89828
2,89870
4,90018
2,90376
2,90945
4,91651
4,91763
4,92208
2,92303
2,92507
4,93872
0,94764
3,94890
4,96944
5,97200
1,97426
4,97786
0,97949
2,98278
5,98688
2,98707
2,99032
2,99449
5,99508
5,99770
0,99888
1,100659
5,100840
2,101415
1,102750
2,103033
2,103449
0,103600
2,108265
5,108340
0,108774
3,109012
3,109202
4,109263
5,109414
5,109628
1,109669
2,109784
0,110454
2,110564
3,111934
0,111963
2,112204
5,113082
0,115079
5,116087
4,118128
4,118327
1,118384
1,118665
2,119655
2,121459
2,121863
0,122198
1,122738
1,123345
5,123363
3,123515
5,125088
4,126287
5,126731
1,126782
0,126903
2,127337
4,127889
2,127898
0,129254
2,129945
4,130418
5,130552
1,130686
5,131178
0,131285
4,131624
0,131841
3,131866
1,132710
5,132849
2,133528
2,133957
4,135740
0,137137
3,137980
5,138271
0,138560
0,138837
5,139212
0,139709
4,140521
5,141774
5,142963
0,143224
1,143490
0,143781
0,144349
2,144629
1,145543
5,146478
4,146551
2,146748
4,147468
1,147481
1,147638
2,148227
1,148355
0,149166
2,150181
1,150998
4,153129
2,153630
3,153933
2,156122
2,156749
5,157063
1,158765
5,159312
4,159406
2,159410
5,159655
2,161637
0,161830
4,163256
5,163386
4,163570
1,163835
1,164175
2,165294
5,165354
2,165736
0,166767
4,167386
2,168110
4,169239
1,169317
4,169526
1,169856
4,169948
5,170228
2,170625
0,170688
0,170690
5,171150
2,172205
2,173487
2,173988
2,174132
2,175291
5,175379
1,176083
2,176256
1,178051
1,178143
1,178166
2,178345
5,178371
1,178549
1,178621
2,178906
0,179105
0,179191
2,181329
0,183715
2,184267
0,184451
2,184471
3,184637
3,185543
2,186096
5,186440
0,186481
5,186545
2,187422
1,188843
1,189831
0,190012
0,190531
1,190550
5,192338
4,193025
2,193160
2,193342
1,193802
2,194039
3,195368
3,196254
0,197460
4,197475
5,198302
2,199089
2,200322
5,200448
0,201022
5,201593
5,201667
2,201958
4,202089
0,202554
5,203670
1,204714
4,204850
2,205520
1,207290
4,207360
5,207735
2,208303
4,208893
2,210142
2,210276
5,210430
0,211578
2,213273
1,214383
1,214546
1,215803
2,217994
4,218885
4,219334
5,219966
4,220024
2,220967
4,221660
5,221803
1,223523
1,225178
0,225607
5,226331
4,226420
1,227487
5,228889
1,230105
2,231225
2,234844
4,235923
2,238245
4,238297
0,239961
5,240009
2,241635
5,241724
3,242343
2,242578
2,243418
4,243933
2,244073
4,244254
4,244537
3,245292
1,245513
4,246127
2,246487
2,246768
0,246947
4,247004
4,247824
2,247963
4,248885
4,250798
2,251033
3,251210
2,251474
5,251851
2,251925
4,252315
4,253137
2,254535
4,255051
4,255704
5,256557
2,257544
2,258567
4,259270
2,259561
2,261087
5,261623
1,263995
1,266534
0,266952
1,268990
4,270243
1,272713
5,275991
5,277059
4,277496
0,279315
5,280445
5,280692
3,280960
5,281564
4,281953
3,286518
5,286530
2,286639
2,286660
3,287092
0,287259
4,287604
2,289058
0,289177
4,290853
2,293448
1,295976
0,296601
5,298225
5,298766
2,299567
1,300245
2,300801
4,302765
2,302774
1,304102
5,307083
5,307332
0,308013
5,308932
2,309839
2,310455
2,310724
3,310789
2,312464
2,313128
0,314576
5,315142
5,316269
5,316611
4,318966
2,319425
5,320426
0,322279
0,322339
2,322365
4,326540
2,328956
2,329883
2,329978
0,332641
1,333175
5,333766
3,334243
1,335431
3,338179
4,338593
0,340446
0,342768
2,344609
5,347741
1,350585
2,351842
5,351908
0,352248
2,352524
4,352575
4,352770
2,354631
2,356422
4,358055
2,358641
4,359123
1,359555
2,363327
3,366889
0,367156
4,367417
2,368578
2,369955
2,376888
0,384920
5,385611
1,388198
2,388972
0,389979
5,392856
2,394013
5,395633
4,396154
4,397156
5,397794
0,397880
0,398892
1,399249
5,400279
5,400815
4,402117
3,404529
4,405494
0,406575
3,406898
2,409985
1,411487
4,412134
1,413405
3,414016
5,415239
2,417607
3,418519
1,420539
1,422658
2,423467
2,424928
4,428725
2,444140
5,447241
2,448207
2,450398
2,450700
2,453009
2,458887
5,459860
1,460389
5,460390
0,463435
1,465387
2,467382
1,468218
1,470588
2,471645
2,472735
5,473909
4,474648
0,475010
2,475980
2,476248
5,476558
2,477377
4,479113
0,480472
2,481827
2,483473
0,484890
5,485191
5,485689
2,486115
2,487219
4,487357
3,487663
0,488394
2,489606
5,490141
5,490554
1,490620
2,491802
0,491996
2,492670
4,493412
1,494537
5,494774
2,495288
4,496370
4,499745
0,499780
5,501802
0,502806
4,502978
5,502989
2,503283
1,504928
0,507955
2,515156
5,515251
5,515641
2,516706
2,517796
5,519637
1,521564
2,521674
4,524634
1,535892
5,537444
1,543045
1,550940
4,552576
5,556292
2,558490
2,559927
1,560554
5,561037
1,561715
2,562144
4,567294
3,567374
2,567959
1,568622
0,568956
0,569064
0,569256
5,569644
4,571472
2,573241
2,574057
3,575379
2,577590
5,582629
4,583843
4,583992
0,584695
2,584923
4,588145
2,588246
1,589256
5,591048
1,591220
4,591620
2,591902
5,597269
5,600386
4,600637
1,600640
2,601697
4,603036
1,603621
4,604702
1,608135
2,611007
3,611881
2,612095
0,614339
1,614982
5,615304
2,617370
1,618230
4,618726
0,620121
0,620126
0,620386
4,620603
2,620759
2,621112
0,623443
1,626310
2,628684
5,628912
1,631071
2,635413
2,635822
4,637022
1,639697
0,641111
4,642354
2,642796
2,643682
3,644216
2,647834
5,648097
0,654490
2,660244
4,660401
5,661525
2,662225
5,663255
0,664457
2,668127
2,668222
3,672498
5,672835
0,673883
0,674163
3,674417
5,675351
2,675500
2,677089
0,677352
5,677842
1,678459
1,678852
1,680003
5,681718
0,683686
2,684240
2,684830
2,694273
4,694411
1,695019
2,710448
5,716022
5,720786
2,722448
2,723868
4,737969
0,738674
1,739713
2,740833
4,741236
2,741512
4,741692
1,742673
5,743623
1,744075
3,744548
1,746182
5,747761
3,748262
2,748773
1,748827
3,748933
2,751256
5,752022
4,752094
3,752150
5,752303
2,752613
5,752673
2,752945
5,753098
4,753570
5,755745
0,756518
2,756740
5,756772
3,758208
1,759694
1,759822
0,760238
1,761064
5,761108
5,761109
4,761341
4,762496
2,763611
0,765494
2,766354
1,766444
2,767129
4,767139
1,767404
5,767558
4,768010
2,768455
1,771269
1,772976
2,773642
0,774956
5,775694
2,775850
2,777009
0,777054
1,777466
5,778526
2,778960
5,780616
2,781370
1,782191
4,784122
4,786228
1,786245
2,786402
5,787696
5,787757
1,788347
1,790496
2,792018
2,792190
4,793108
2,793898
4,793913
2,794161
2,794306
2,795271
2,795387
0,796710
2,796957
1,797470
0,797881
2,798543
0,798658
3,799771
2,800332
5,800926
1,801615
0,802048
0,802264
4,802464
4,804516
0,805216
2,805345
0,806523
5,806740
5,807026
1,807181
1,808155
2,808212
1,808613
4,809446
5,809765
4,809900
4,810166
4,810592
5,810996
5,811178
1,812741
5,812802
4,813175
2,814220
1,816267
0,816895
0,817000
2,817011
4,818254
1,818366
1,818593
5,818627
2,821252
4,822089
2,823482
3,824219
1,825209
1,826364
5,826936
5,827367
2,830375
0,830890
5,832507
2,832833
1,833782
5,834673
4,835085
5,835506
1,836017
5,836313
2,836737
0,837311
4,837328
0,838241
0,838414
3,838847
0,838884
2,839037
2,840289
1,840812
3,841160
4,841881
4,841950
1,843106
2,843607
2,844440
3,845668
2,845918
1,846671
5,847970
5,848913
4,850161
3,851205
5,851240
2,852399
1,852718
2,852810
4,853254
0,853492
2,855034
2,855619
4,855773
2,857887
2,861057
2,861321
4,862583
1,863774
0,866767
2,883069
2,885138
5,885387
2,886648
2,887235
2,889097
3,889276
5,890559
2,892586
2,893383
1,894531
0,896041
5,896309
5,897214
0,897783
0,900349
2,902138
2,907816
4,911827
3,914671
4,918140
4,918569
2,919598
2,919846
5,920004
2,921024
4,921542
0,921554
5,922301
4,922398
5,923208
1,925528
4,925635
5,925636
1,927278
2,927795
4,929673
1,930651
4,931231
0,933809
5,934243
1,934350
2,934801
4,935117
2,936126
1,936521
0,936658
1,938337
5,939033
2,942498
0,942624
1,943649
4,946966
4,947576
2,948625
2,949025
5,949204
2,949211
4,949579
5,949980
0,950777
5,951589
0,951825
3,952503
1,952516
2,953552
2,953875
2,954592
3,954694
0,955936
0,956088
4,956093
2,964011
5,977209
2,985047
2,985076
5,986695
3,987384
0,988638
2,989528
1,989540
4,992260
4,993494
2,1000558
0,1002889
5,1003907
4,1006451
4,1013037
4,1019633
2,1032216
4,1032454
4,1033109
4,1041338
2,1050323
4,1061368
1,1072783
4,1312035
5,1390230
4,1391526
0,1393658
2,1422105
2,1451327
3,1453090
4,1465422
5,1469476
5,1507678
5,1518379
4,1563731
5,1591840
1,1598199
2,1606776
4,1619044
0,1620705
2,1629657
3,1717415
1,1768491
4,1913210
1,1953486
4,1960811
2,1973181
4,2114297
5,2115414
0,2142940
1,2284226
3,2289986
4,2312742
2,2336424
4,2355957
2,2363198
5,2366358
2,2370408
2,2394289
4,2412330
4,2424501
3,2440425
5,2450537
5,2526137
2,2532578
5,2564904
2,2571020
5,2575506
5,2577357
2,2619843
4,2620029
4,2660270
2,2681783
2,2693354
1,2754189
2,2795896
2,2802487
5,2806733
4,2823663
2,2824778
2,2896351
4,2923522
5,2948162
5,2991317
2,3020237
3,3052730
4,3052733
3,3077599
3,3088724
5,3103730
5,3115003
2,3125793
2,3139368
5,3153419
2,3171799
2,3200278
2,3200736
5,3206669
4,3216219
4,3224219
5,3227782
5,3237096
4,3239681
0,3272048
2,3281115
2,3315236
3,3316228
5,3329291
2,3337670
5,3347207
5,3383741
4,3406269
4,3408531
4,3411865
3,3435164
5,3441660
3,3445208
1,3460695
2,3462983
0,3474187
5,3495279
5,3513172
4,3559122
1,3661738
4,3670556
4,13038
2,18176
1,21492
2,35719
4,36816
0,41398
0,46214
5,46429
1,51066
2,61273
0,64830
3,67131
5,71636
1,74397
4,76788
2,81248
2,81433
2,84387
1,107247
1,107950
2,128881
2,130922
4,131029
1,145489
1,146544
0,151469
1,161173
2,174506
2,177372
2,177856
5,180516
0,183699
2,184406
1,185810
4,188809
3,194743
3,202033
3,202162
0,210757
4,216986
2,223683
0,225309
1,225389
3,225944
2,234488
0,236287
0,243611
0,245133
3,249238
3,251437
1,266503
4,283015
4,288985
4,292876
2,294126
4,294941
4,297839
5,307135
4,315909
0,340527
3,342833
2,406589
0,406733
2,413683
4,448152
4,450786
4,463663
1,494355
1,499683
1,515750
4,518937
2,528243
1,548336
2,552325
1,559501
5,579234
4,601421
5,622277
3,626115
0,630603
2,631667
2,635425
0,642427
3,657329
2,669473
0,671156
3,689836
4,692100
2,744736
2,747561
3,749272
1,751738
0,762618
0,765773
4,782375
1,793848
2,797205
2,806822
4,808416
0,813485
3,814340
4,820780
4,827859
2,829033
3,833610
4,852665
2,867862
4,869364
1,887719
2,907868
1,912566
0,931567
1,937242
3,945687
1,955700
5,983872
3,985124
3,1233067
2,1409777
0,1435165
5,2063135
1,2085875
4,2141576
2,2142078
4,2649123
4,2729330
5,2869578
5,2899881
5,2921660
4,3043787
5,3045620
2,3099573
2,3120458
5,3308665
2,3359519
4,3381566
4,3410250
5,3455945
5,3639618
